{
	"display": {
		"icon": {
			"id": "minecraft:oak_planks"
		},
		"title": {"translate":"Totally Not Terraria"},
		"description": {"translate":"Find an Underground Cabin"},
		"announce_to_chat": true
	},
	"parent": "blazeandcave:adventure/secret_of_the_igloo",
	"rewards": {
		"function": "bacap_rewards:adventure/totally_not_terraria"
	},		
	"criteria": {
		"oak_cabin": {
			"trigger": "minecraft:location",
			"conditions": {
				"player": [
					{
						"condition": "minecraft:entity_properties",
						"entity": "this",
						"predicate": {
							"location": {
								"structures": "terralith:underground/oak_cabin"
							}
						}
					},
					{
						"condition": "minecraft:inverted",
						"term": {
							"condition": "minecraft:entity_properties",
							"entity": "this",
							"predicate": {
								"type_specific": {
									"type": "player",
									"gamemode": ["spectator"]
								}
							}
						}
					}
				]
			}
		}		
	}
}