{
  "type": "minecraft:mul",
  "argument1": 1.6,
  "argument2": {
    "type": "minecraft:square",
    "argument": {
      "type": "minecraft:add",
      "argument1": {
        "type": "minecraft:add",
        "argument1": 1,
        "argument2": "terralith:overworld/dune/height_boost"
      },
      "argument2": {
        "type": "minecraft:mul",
        "argument1": -0.6,
        "argument2": {
          "type": "minecraft:abs",
          "argument": {
            "type": "minecraft:add",
            "argument1": {
              "type": "minecraft:flat_cache",
              "argument": {
                "type": "minecraft:cache_2d",
                "argument": {
                  "type": "minecraft:noise",
                  "noise": "terralith:math/dune/height",
                  "xz_scale": 0.15,
                  "y_scale": 0.0
                }
              }
            },
            "argument2": {
              "type": "minecraft:noise",
              "noise": "terralith:math/dune/twist",
              "xz_scale": 0.2,
              "y_scale": 0.125
            }
          }
        }
      }
    }
  }
}