{
  "type": "minecraft:jigsaw",
  "biomes": "#terralith:has_structure/giant_bee_hive",
  "liquid_settings": "ignore_waterlogging",
  "max_distance_from_center": 80,
  "size": 6,
  "spawn_overrides": {},
  "start_height": {
    "type": "minecraft:uniform",
    "min_inclusive": {
      "absolute": -40
    },
    "max_inclusive": {
      "absolute": 40
    }
  },
  "start_pool": "terralith:underground/giant_bee_hive",
  "step": "surface_structures",
  "terrain_adaptation": "bury",
  "use_expansion_hack": false
}