{"type":"minecraft:cave","config":{"floor_level":{"type":"minecraft:uniform","max_exclusive":-0.4,"min_inclusive":-1.0},"horizontal_radius_multiplier":{"type":"minecraft:uniform","max_exclusive":1.4,"min_inclusive":0.7},"lava_level":{"above_bottom":0},"probability":0.3,"replaceable":"#minecraft:nether_carver_replaceables","vertical_radius_multiplier":{"type":"minecraft:uniform","max_exclusive":1.3,"min_inclusive":0.8},"y":{"type":"minecraft:uniform","max_inclusive":{"below_top":5},"min_inclusive":{"above_bottom":45}},"yScale":{"type":"minecraft:uniform","max_exclusive":0.9,"min_inclusive":0.1}}}