{"aquifers_enabled":true,"ore_veins_enabled":false,"sea_level":32,"spawn_target":[],"default_block":{"Name":"minecraft:smooth_basalt"},"default_fluid":{"Name":"minecraft:lava"},"disable_mob_generation":false,"legacy_random_source":false,"noise":{"height":144,"min_y":0,"size_horizontal":1,"size_vertical":1},"noise_router":{"final_density":"lavaflow:final_density","initial_density_without_jaggedness":1,"preliminary_surface_level":144,"continents":"lavaflow:continentalness","erosion":"lavaflow:erosion","ridges":"lavaflow:ridge","temperature":"lavaflow:temperature","vegetation":"lavaflow:humidity","depth":"lavaflow:depth","fluid_level_floodedness":"lavaflow:aquifer","barrier":"lavaflow:barrier","fluid_level_spread":1.1,"lava":0,"vein_gap":0,"vein_ridged":0,"vein_toggle":0},"surface_rule":{"type":"minecraft:sequence","sequence":[{"type":"minecraft:condition","if_true":{"type":"minecraft:vertical_gradient","random_name":"minecraft:bedrock_floor","true_at_and_below":{"above_bottom":0},"false_at_and_above":{"above_bottom":5}},"then_run":{"type":"minecraft:block","result_state":{"Name":"minecraft:bedrock"}}},{"type":"minecraft:condition","if_true":{"type":"minecraft:not","invert":{"type":"minecraft:vertical_gradient","random_name":"minecraft:bedrock_roof","true_at_and_below":{"below_top":5},"false_at_and_above":{"below_top":0}}},"then_run":{"type":"minecraft:block","result_state":{"Name":"minecraft:bedrock"}}},{"type":"minecraft:condition","if_true":{"type":"minecraft:not","invert":{"type":"minecraft:y_above","anchor":{"below_top":0},"surface_depth_multiplier":0,"add_stone_depth":true}},"then_run":{"type":"minecraft:sequence","sequence":[{"type":"minecraft:condition","if_true":{"type":"minecraft:stone_depth","offset":0,"add_surface_depth":false,"secondary_depth_range":0,"surface_type":"floor"},"then_run":{"type":"minecraft:sequence","sequence":[{"type":"minecraft:condition","if_true":{"type":"minecraft:biome","biome_is":["minecraft:soul_sand_valley","lavaflow:soul_sand_valley_river"]},"then_run":{"type":"minecraft:sequence","sequence":[{"type":"minecraft:condition","if_true":{"type":"minecraft:noise_threshold","noise":"minecraft:nether_state_selector","min_threshold":0,"max_threshold":10000},"then_run":{"type":"minecraft:block","result_state":{"Name":"minecraft:soul_sand"}}},{"type":"minecraft:block","result_state":{"Name":"minecraft:soul_soil"}}]}},{"type":"minecraft:condition","if_true":{"type":"minecraft:not","invert":{"type":"minecraft:y_above","anchor":{"absolute":38},"surface_depth_multiplier":0,"add_stone_depth":false}},"then_run":{"type":"minecraft:condition","if_true":{"type":"minecraft:biome","biome_is":["lavaflow:gravel_beach"]},"then_run":{"type":"minecraft:block","result_state":{"Name":"minecraft:gravel"}}}},{"type":"minecraft:condition","if_true":{"type":"minecraft:y_above","anchor":{"absolute":31},"surface_depth_multiplier":0,"add_stone_depth":false},"then_run":{"type":"minecraft:sequence","sequence":[{"type":"minecraft:condition","if_true":{"type":"minecraft:biome","biome_is":["lavaflow:old_growth_crimson_forest","lavaflow:crimson_forest_layer","minecraft:crimson_forest"]},"then_run":{"type":"minecraft:block","result_state":{"Name":"minecraft:crimson_nylium"}}},{"type":"minecraft:condition","if_true":{"type":"minecraft:biome","biome_is":["lavaflow:old_growth_warped_forest","lavaflow:warped_forest_layer","minecraft:warped_forest"]},"then_run":{"type":"minecraft:block","result_state":{"Name":"minecraft:warped_nylium"}}}]}}]}},{"type":"minecraft:condition","if_true":{"type":"minecraft:stone_depth","offset":0,"add_surface_depth":true,"secondary_depth_range":0,"surface_type":"floor"},"then_run":{"type":"minecraft:sequence","sequence":[{"type":"minecraft:condition","if_true":{"type":"minecraft:biome","biome_is":["minecraft:soul_sand_valley","lavaflow:soul_sand_valley_river","lavaflow:ghost_forest"]},"then_run":{"type":"minecraft:block","result_state":{"Name":"minecraft:soul_soil"}}},{"type":"minecraft:condition","if_true":{"type":"minecraft:biome","biome_is":["minecraft:nether_wastes","lavaflow:nether_wastes_layer","lavaflow:river"]},"then_run":{"type":"minecraft:sequence","sequence":[{"type":"minecraft:condition","if_true":{"type":"minecraft:noise_threshold","noise":"minecraft:nether_state_selector","min_threshold":0.25,"max_threshold":10000},"then_run":{"type":"minecraft:block","result_state":{"Name":"minecraft:red_terracotta"}}},{"type":"minecraft:condition","if_true":{"type":"minecraft:noise_threshold","noise":"minecraft:nether_state_selector","min_threshold":-0.25,"max_threshold":0.25},"then_run":{"type":"minecraft:sequence","sequence":[{"type":"minecraft:condition","if_true":{"type":"minecraft:not","invert":{"type":"minecraft:stone_depth","offset":0,"add_surface_depth":false,"secondary_depth_range":0,"surface_type":"ceiling"}},"then_run":{"type":"minecraft:block","result_state":{"Name":"minecraft:red_sand"}}},{"type":"minecraft:block","result_state":{"Name":"minecraft:smooth_red_sandstone"}}]}}]}}]}},{"type":"minecraft:condition","if_true":{"type":"minecraft:not","invert":{"type":"minecraft:biome","biome_is":["lavaflow:caves"]}},"then_run":{"type":"minecraft:condition","if_true":{"type":"minecraft:stone_depth","offset":0,"add_surface_depth":true,"secondary_depth_range":20,"surface_type":"floor"},"then_run":{"type":"minecraft:block","result_state":{"Name":"minecraft:netherrack"}}}}]}},{"type":"minecraft:condition","if_true":{"type":"minecraft:y_above","anchor":{"above_bottom":20},"surface_depth_multiplier":0,"add_stone_depth":false},"then_run":{"type":"minecraft:condition","if_true":{"type":"minecraft:not","invert":{"type":"minecraft:biome","biome_is":["lavaflow:caves"]}},"then_run":{"type":"minecraft:condition","if_true":{"type":"minecraft:stone_depth","offset":0,"add_surface_depth":true,"secondary_depth_range":20,"surface_type":"ceiling"},"then_run":{"type":"minecraft:sequence","sequence":[{"type":"minecraft:condition","if_true":{"type":"minecraft:y_above","anchor":{"absolute":110},"surface_depth_multiplier":0,"add_stone_depth":false},"then_run":{"type":"minecraft:condition","if_true":{"type":"minecraft:noise_threshold","noise":"lavaflow:ceiling_stripes","min_threshold":-0.2,"max_threshold":0.2},"then_run":{"type":"minecraft:block","result_state":{"Name":"minecraft:smooth_basalt"}}}},{"type":"minecraft:block","result_state":{"Name":"minecraft:netherrack"}}]}}}}]}}