{
  "type": "minecraft:mul",
  "argument1": {
    "type": "minecraft:max",
    "argument1": {
      "type": "minecraft:add",
      "argument1": {
        "type": "minecraft:abs",
        "argument": {
          "type": "minecraft:flat_cache",
          "argument": {
            "type": "minecraft:cache_2d",
            "argument": {
              "type": "minecraft:noise",
              "noise": "terralith:math/arch/shape",
              "xz_scale": 1.0,
              "y_scale": 0.0
            }
          }
        }
      },
      "argument2": {
        "type": "minecraft:mul",
        "argument1": {
          "type": "minecraft:add",
          "argument1": 0.05,
          "argument2": {
            "type": "minecraft:mul",
            "argument1": "overworld/depth",
            "argument2": 0.0275
          }
        },
        "argument2": "terralith:overworld/arch/thickness"
      }
    },
    "argument2": {
      "type": "minecraft:cube",
      "argument": {
        "type": "minecraft:add",
        "argument1": {
          "type": "minecraft:abs",
          "argument": {
            "type": "minecraft:add",
            "argument1": {
              "type": "minecraft:add",
              "argument1": "terralith:overworld/arch/height_spline",
              "argument2": {
                "type": "minecraft:mul",
                "argument1": 9.0,
                "argument2": {
                  "type": "minecraft:noise",
                  "noise": "terralith:math/arch/height",
                  "xz_scale": 2.0,
                  "y_scale": 0.325
                }
              }
            },
            "argument2": {
              "type": "minecraft:add",
              "argument1": {
                "type": "minecraft:y_clamped_gradient",
                "from_value": 6.5,
                "from_y": -64,
                "to_value": -13.5,
                "to_y": 320
              },
              "argument2": {
                "type": "minecraft:mul",
                "argument1": "overworld/depth",
                "argument2": 1e-05
              }
            }
          }
        },
        "argument2": {
          "type": "minecraft:add",
          "argument1": -1.3,
          "argument2": {
            "type": "minecraft:mul",
            "argument1": "overworld/depth",
            "argument2": -0.4
          }
        }
      }
    }
  },
  "argument2": -1
}