{
  "type": "minecraft:cache_once",
  "argument": {
    "type": "minecraft:add",
    "argument1": {
      "type": "minecraft:add",
      "argument1": -1.135,
      "argument2": 0
    },
    "argument2": {
      "type": "minecraft:mul",
      "argument1": -0.2,
      "argument2": {
        "type": "minecraft:add",
        "argument1": {
          "type": "minecraft:noise",
          "noise": "minecraft:spaghetti_2d_thickness",
          "xz_scale": 2.0,
          "y_scale": 1.0
        },
        "argument2": {
          "type": "minecraft:noise",
          "noise": "terralith:math/arch/vertical_noise",
          "xz_scale": 0.625,
          "y_scale": 4.0
        }
      }
    }
  }
}