{"type":"minecraft:range_choice","input":"minecraft:y","min_inclusive":60,"max_exclusive":79,"when_in_range":{"type":"minecraft:spline","spline":{"coordinate":"lavaflow:continentalness","points":[{"location":-0.23,"value":0.2,"derivative":0},{"location":-0.11,"value":{"coordinate":"lavaflow:erosion","points":[{"location":0.1,"value":0.2,"derivative":0},{"location":0.3,"value":{"coordinate":"lavaflow:ridge_abs","points":[{"location":0.1,"value":0.6,"derivative":0},{"location":0.3,"value":0.2,"derivative":0}]},"derivative":0}]},"derivative":0}]}},"when_out_of_range":-1}