{"type":"minecraft:add","argument1":{"type":"minecraft:mul","argument1":{"type":"minecraft:add","argument1":{"type":"minecraft:square","argument":{"type":"minecraft:add","argument1":{"type":"minecraft:add","argument1":{"type":"minecraft:mul","argument1":{"type":"minecraft:noise","noise":"lavaflow:cave_height","xz_scale":0.7,"y_scale":0},"argument2":0.18},"argument2":-0.734},"argument2":"lavaflow:depth"}},"argument2":{"type":"minecraft:square","argument":{"type":"minecraft:mul","argument1":{"type":"minecraft:noise","noise":"lavaflow:cave_ridge","xz_scale":0.7,"y_scale":0},"argument2":0.3}}},"argument2":100},"argument2":{"type":"minecraft:mul","argument1":"lavaflow:cave_size","argument2":-1}}