{"type":"minecraft:add","argument1":{"type":"minecraft:add","argument1":{"type":"minecraft:max","argument1":{"type":"minecraft:interpolated","argument":{"type":"minecraft:cache_once","argument":{"type":"minecraft:min","argument1":{"type":"minecraft:max","argument1":{"type":"minecraft:add","argument1":{"type":"minecraft:mul","argument1":"lavaflow:depth","argument2":-1},"argument2":{"type":"minecraft:add","argument1":{"type":"minecraft:mul","argument1":"lavaflow:height_variation","argument2":0.095},"argument2":0.12}},"argument2":{"type":"minecraft:max","argument1":"lavaflow:floor","argument2":{"type":"minecraft:max","argument1":"lavaflow:layer","argument2":"lavaflow:upper_layer"}}},"argument2":"lavaflow:caves"}}},"argument2":"lavaflow:pillar"},"argument2":{"type":"minecraft:mul","argument1":{"type":"minecraft:beardifier"},"argument2":-1}},"argument2":{"type":"minecraft:range_choice","input":{"type":"minecraft:interpolated","argument":"lavaflow:floor"},"min_inclusive":-0.025,"max_exclusive":0.05,"when_in_range":{"type":"minecraft:beardifier"},"when_out_of_range":{"type":"minecraft:range_choice","input":"minecraft:y","min_inclusive":0,"max_exclusive":38,"when_in_range":{"type":"minecraft:beardifier"},"when_out_of_range":0}}}