{"type":"minecraft:add","argument1":{"type":"minecraft:mul","argument1":{"type":"minecraft:add","argument1":{"type":"minecraft:abs","argument":{"type":"minecraft:add","argument1":{"type":"minecraft:add","argument1":{"type":"minecraft:mul","argument1":{"type":"minecraft:noise","noise":"lavaflow:layer_height","xz_scale":1,"y_scale":0},"argument2":0.05},"argument2":-0.55},"argument2":"lavaflow:depth"}},"argument2":{"type":"minecraft:add","argument1":{"type":"minecraft:mul","argument1":{"type":"minecraft:abs","argument":{"type":"minecraft:noise","noise":"lavaflow:layer_gaps","xz_scale":1,"y_scale":0}},"argument2":0.1},"argument2":{"type":"minecraft:mul","argument1":"lavaflow:layer_gap_size","argument2":-1}}},"argument2":-1},"argument2":{"type":"minecraft:range_choice","input":{"type":"minecraft:beardifier"},"min_inclusive":-1000000,"max_exclusive":-0.01,"when_in_range":-1,"when_out_of_range":{"type":"minecraft:range_choice","input":{"type":"minecraft:beardifier"},"min_inclusive":0.01,"max_exclusive":1000000,"when_in_range":0,"when_out_of_range":{"type":"minecraft:spline","spline":{"coordinate":"lavaflow:continentalness","points":[{"location":-0.25,"value":0,"derivative":0},{"location":-0.24,"value":{"coordinate":"lavaflow:erosion","points":[{"location":0.2,"value":0,"derivative":0},{"location":0.21,"value":{"coordinate":"lavaflow:ridge_abs","points":[{"location":0.1,"value":-1,"derivative":0},{"location":0.12,"value":0,"derivative":0}]},"derivative":0}]},"derivative":0},{"location":-0.12,"value":{"coordinate":"lavaflow:erosion","points":[{"location":0.2,"value":0,"derivative":0},{"location":0.21,"value":{"coordinate":"lavaflow:ridge_abs","points":[{"location":0.1,"value":-1,"derivative":0},{"location":0.12,"value":0,"derivative":0}]},"derivative":0}]},"derivative":0},{"location":-0.1,"value":{"coordinate":"lavaflow:erosion","points":[{"location":0.17,"value":0,"derivative":0},{"location":0.18,"value":-1,"derivative":0}]},"derivative":0}]}}}}}