{"type":"minecraft:flat_cache","argument":{"type":"minecraft:cache_2d","argument":{"type":"minecraft:spline","spline":{"coordinate":"lavaflow:continentalness","points":[{"location":-0.25,"value":-0.95,"derivative":0},{"location":-0.2,"value":{"coordinate":"lavaflow:offset/beach","points":[{"location":0,"value":0,"derivative":1}]},"derivative":0},{"location":-0.19,"value":{"coordinate":"lavaflow:offset/beach","points":[{"location":0,"value":0,"derivative":1}]},"derivative":0},{"location":-0.16,"value":{"coordinate":"lavaflow:offset/middle","points":[{"location":0,"value":0,"derivative":1}]},"derivative":0}]}}}}