{"type":"minecraft:add","argument1":{"type":"minecraft:interpolated","argument":{"type":"minecraft:cache_2d","argument":{"type":"minecraft:add","argument1":{"type":"minecraft:add","argument1":{"type":"minecraft:spline","spline":{"coordinate":"lavaflow:depth","points":[{"location":0.03,"value":-0.15,"derivative":-0.3},{"location":0.3,"value":{"coordinate":{"type":"minecraft:add","argument1":"lavaflow:depth","argument2":"lavaflow:offset"},"points":[{"location":-0.2,"value":-0.4,"derivative":0},{"location":0,"value":-0.2,"derivative":0},{"location":0.05,"value":-0.2,"derivative":0},{"location":0.05,"value":-100,"derivative":0}]},"derivative":0}]}},"argument2":{"type":"minecraft:spline","spline":{"coordinate":"lavaflow:continentalness","points":[{"location":-0.27,"value":0,"derivative":0},{"location":-0.24,"value":{"coordinate":"lavaflow:erosion","points":[{"location":-0.32,"value":{"coordinate":"lavaflow:ridge_abs","points":[{"location":0.05,"value":-1,"derivative":0},{"location":0.1,"value":-0.2,"derivative":0},{"location":0.35,"value":-0.2,"derivative":0},{"location":0.45,"value":0,"derivative":0}]},"derivative":0},{"location":-0.28,"value":{"coordinate":"lavaflow:ridge_abs","points":[{"location":0.05,"value":-1,"derivative":0},{"location":0.1,"value":0,"derivative":0}]},"derivative":0}]},"derivative":0}]}}},"argument2":"lavaflow:pillar_thickness_variation"}}},"argument2":{"type":"minecraft:noise","noise":"lavaflow:pillar","xz_scale":5.0,"y_scale":0.2}}