{"type":"minecraft:add","argument1":{"type":"minecraft:mul","argument1":{"type":"minecraft:add","argument1":{"type":"minecraft:abs","argument":{"type":"minecraft:add","argument1":{"type":"minecraft:add","argument1":{"type":"minecraft:mul","argument1":{"type":"minecraft:noise","noise":"lavaflow:layer_height_upper","xz_scale":1,"y_scale":0},"argument2":0.07},"argument2":-0.26},"argument2":"lavaflow:depth"}},"argument2":{"type":"minecraft:add","argument1":{"type":"minecraft:mul","argument1":{"type":"minecraft:abs","argument":{"type":"minecraft:noise","noise":"lavaflow:layer_gaps_upper","xz_scale":1,"y_scale":0}},"argument2":0.2},"argument2":-0.03}},"argument2":-1},"argument2":{"type":"minecraft:range_choice","input":{"type":"minecraft:beardifier"},"min_inclusive":-1000000,"max_exclusive":-0.01,"when_in_range":-1,"when_out_of_range":{"type":"minecraft:range_choice","input":{"type":"minecraft:beardifier"},"min_inclusive":0.01,"max_exclusive":1000000,"when_in_range":-1,"when_out_of_range":0}}}