{
  "credit": "Made with Blockbench by TyBraniff for Bluemaps support.",
  "texture_size": [32, 32],
  "textures": {
    "0": "entity/decorated_pot/decorated_pot_base"
  },
  "elements": [
    {
      "name": "Body",
      "from": [1, 0, 1],
      "to": [15, 16, 15],
      "faces": {
        "north": { "uv": [0, 6.5, 7, 13.5], "texture": "#0" },
        "east": { "uv": [0, 6.5, 7, 13.5], "texture": "#0" },
        "south": { "uv": [0, 6.5, 7, 13.5], "texture": "#0" },
        "west": { "uv": [0, 6.5, 7, 13.5], "texture": "#0" },
        "up": { "uv": [7, 6.5, 14, 13.5], "texture": "#0" },
        "down": { "uv": [7, 6.5, 14, 13.5], "texture": "#0" }
      }
    },
    {
      "name": "Neck",
      "from": [5, 16, 5],
      "to": [11, 17, 11],
      "faces": {
        "north": { "uv": [6, 5.5, 9, 6], "texture": "#0" },
        "east": { "uv": [9, 5.5, 12, 6], "texture": "#0" },
        "south": { "uv": [2.5, 5.5, 5.5, 6], "texture": "#0" },
        "west": { "uv": [0, 5.5, 3, 6], "texture": "#0" },
        "up": { "uv": [0, 0, 3, 3], "texture": "#0" },
        "down": { "uv": [0, 0, 3, 3], "texture": "#0" }
      }
    },
    {
      "name": "Head",
      "from": [4, 17, 4],
      "to": [12, 20, 12],
      "faces": {
        "north": { "uv": [0, 4, 4, 5.5], "texture": "#0" },
        "east": { "uv": [4, 4, 8, 5.5], "texture": "#0" },
        "south": { "uv": [8, 4, 12, 5.5], "texture": "#0" },
        "west": { "uv": [12, 4, 16, 5.5], "texture": "#0" },
        "up": { "uv": [4, 0, 8, 4], "texture": "#0" },
        "down": { "uv": [8, 0, 12, 4], "texture": "#0" }
      }
    }
  ]
}
