{
  "credit": "Made with Blockbench by TyBraniff for Bluemaps support.",
  "texture_size": [256, 256],
  "textures": {
    "0": "entity/enderdragon/dragon"
  },
  "elements": [
    {
      "name": "Skull",
      "from": [2, 4, 4],
      "to": [14, 16, 16],
      "rotation": {
        "angle": 0,
        "axis": "y",
        "origin": [8, 4, 7.5]
      },
      "faces": {
        "north": { "uv": [8, 2.875, 9, 3.875], "texture": "#0" },
        "east": { "uv": [7, 2.875, 8, 3.875], "texture": "#0" },
        "south": { "uv": [9.9375, 2.875, 10.9375, 3.875], "texture": "#0" },
        "west": { "uv": [9, 2.875, 10, 3.875], "texture": "#0" },
        "up": { "uv": [9, 1.875, 8, 2.875], "rotation": 180, "texture": "#0" },
        "down": { "uv": [10, 1.875, 9, 2.875], "rotation": 180, "texture": "#0" }
      }
    },
    {
      "name": "Horn1",
      "from": [10, 16, 7.5],
      "to": [12, 20, 13.5],
      "rotation": {
        "angle": 0,
        "axis": "y",
        "origin": [8, 4, 7.5]
      },
      "faces": {
        "north": { "uv": [0.375, 0.375, 0.5, 0.625], "texture": "#0" },
        "east": { "uv": [0, 0.375, 0.375, 0.625], "texture": "#0" },
        "south": { "uv": [0.875, 0.375, 1, 0.625], "texture": "#0" },
        "west": { "uv": [0.5, 0.375, 0.875, 0.625], "texture": "#0" },
        "up": { "uv": [0.375, 0, 0.5, 0.375], "rotation": 180, "texture": "#0" },
        "down": { "uv": [0, 0, 0.125, 0.375], "rotation": 180, "texture": "#0" }
      }
    },
    {
      "name": "Horn2",
      "from": [4, 16, 7.5],
      "to": [6, 20, 13.5],
      "rotation": {
        "angle": 0,
        "axis": "y",
        "origin": [8, 4, 7.5]
      },
      "faces": {
        "north": { "uv": [0.375, 0.375, 0.5, 0.625], "texture": "#0" },
        "east": { "uv": [0, 0.375, 0.375, 0.625], "texture": "#0" },
        "south": { "uv": [0.875, 0.375, 1, 0.625], "texture": "#0" },
        "west": { "uv": [0.5, 0.375, 0.875, 0.625], "texture": "#0" },
        "up": { "uv": [0.375, 0, 0.5, 0.375], "rotation": 180, "texture": "#0" },
        "down": { "uv": [0, 0, 0.125, 0.375], "rotation": 180, "texture": "#0" }
      }
    },
    {
      "name": "TopJaw",
      "from": [2.5, 7, -6.5],
      "to": [13.5, 11, 4],
      "rotation": {
        "angle": 0,
        "axis": "y",
        "origin": [8, 4, 7.5]
      },
      "faces": {
        "north": { "uv": [12, 3.75, 12.8125, 4.0625], "texture": "#0" },
        "east": { "uv": [13.5, 3.75, 14.46875, 4.0625], "texture": "#0" },
        "south": { "uv": [0.375, 3.375, 1.0625, 3.625], "texture": "#0" },
        "west": { "uv": [11, 3.75, 12.00625, 4.0625], "texture": "#0" },
        "up": { "uv": [12, 2.75, 12.75, 3.71875], "rotation": 180, "texture": "#0" },
        "down": { "uv": [12.74375, 3.75, 13.49375, 2.75], "rotation": 180, "texture": "#0" }
      }
    },
    {
      "name": "Bottom Jaw",
      "from": [2.5, 4.5, -6.5],
      "to": [13.5, 6.5, 5],
      "rotation": {
        "angle": -22.5,
        "axis": "x",
        "origin": [8, 6, 4.5]
      },
      "faces": {
        "north": { "uv": [8.0625, 5.3125, 8.75, 5.4375], "texture": "#0" },
        "east": { "uv": [13.74375, 5.06875, 14.49375, 5.31875], "texture": "#0" },
        "south": { "uv": [8.1875, 4.8125, 8.875, 4.9375], "texture": "#0" },
        "west": { "uv": [11, 5.0625, 12, 5.3125], "texture": "#0" },
        "up": { "uv": [12, 4.0625, 12.75, 5.0625], "rotation": 180, "texture": "#0" },
        "down": { "uv": [12.6875, 4.0625, 13.5, 5.0625], "rotation": 180, "texture": "#0" }
      }
    },
    {
      "name": "Nostril1",
      "from": [10, 11, -4.5],
      "to": [12, 13, -0.5],
      "rotation": {
        "angle": 0,
        "axis": "y",
        "origin": [8, 4, 7.5]
      },
      "faces": {
        "north": { "uv": [7.625, 0.25, 7.75, 0.375], "texture": "#0" },
        "east": { "uv": [7.375, 0.25, 7.625, 0.375], "texture": "#0" },
        "south": { "uv": [7.25, 0.25, 7.375, 0.375], "texture": "#0" },
        "west": { "uv": [7, 0.25, 7.25, 0.375], "texture": "#0" },
        "up": { "uv": [7.25, 0, 7.375, 0.25], "rotation": 180, "texture": "#0" },
        "down": { "uv": [7.125, 0, 7.25, 0.25], "rotation": 180, "texture": "#0" }
      }
    },
    {
      "name": "Nostril2",
      "from": [4, 11, -4.5],
      "to": [6, 13, -0.5],
      "rotation": {
        "angle": 0,
        "axis": "y",
        "origin": [8, 4, 7.5]
      },
      "faces": {
        "north": { "uv": [7.625, 0.25, 7.75, 0.375], "texture": "#0" },
        "east": { "uv": [7, 0.25, 7.25, 0.375], "texture": "#0" },
        "south": { "uv": [7.25, 0.25, 7.375, 0.375], "texture": "#0" },
        "west": { "uv": [7.375, 0.25, 7.625, 0.375], "texture": "#0" },
        "up": { "uv": [7.25, 0, 7.375, 0.25], "rotation": 180, "texture": "#0" },
        "down": { "uv": [7.125, 0, 7.25, 0.25], "rotation": 180, "texture": "#0" }
      }
    }
  ],
  "groups": [
    {
      "name": "group",
      "origin": [0, 4, -3.5],
      "color": 0,
      "children": [0, 1, 2, 3, 4, 5, 6]
    }
  ]
}
