{
    "variants": {
        "type=single,facing=north": { "model": "entity/chest/copper_exposed", "y": 90 },
        "type=single,facing=east": { "model": "entity/chest/copper_exposed", "y": 180 },
        "type=single,facing=south": { "model": "entity/chest/copper_exposed", "y": 270 },
        "type=single,facing=west": { "model": "entity/chest/copper_exposed"},
        "type=right,facing=north": { "model": "entity/chest/copper_exposed_double_right", "y": 90 },
        "type=right,facing=east": { "model": "entity/chest/copper_exposed_double_right", "y": 180 },
        "type=right,facing=south": { "model": "entity/chest/copper_exposed_double_right", "y": 270 },
        "type=right,facing=west": { "model": "entity/chest/copper_exposed_double_right"},
		"type=left,facing=north": { "model": "entity/chest/copper_exposed_double_left", "y": 90 },
        "type=left,facing=east": { "model": "entity/chest/copper_exposed_double_left","y": 180 },
        "type=left,facing=south": { "model": "entity/chest/copper_exposed_double_left", "y": 270 },
        "type=left,facing=west": { "model": "entity/chest/copper_exposed_double_left"}
    }
}