{
    "criteria": {
        "item_durability_changed": {
            "trigger": "minecraft:item_durability_changed",
            "conditions": {
                "durability": {
                    "min": 1,
                    "max": 19
                },
                "item": {
                    "items": [
                        "minecraft:copper_shovel"
                    ]
                },
                "player": [
                    {
                        "condition": "minecraft:inverted",
                        "term": {
                            "condition": "minecraft:entity_scores",
                            "entity": "this",
                            "scores": {
                                "duraPing.weapon": {
                                    "min": 1,
                                    "max": 2147483647
                                }
                            }
                        }
                    },
                    {
                        "condition": "minecraft:inverted",
                        "term": {
                            "condition": "minecraft:entity_scores",
                            "entity": "this",
                            "scores": {
                                "duraPing.config": {
                                    "min": 100,
                                    "max": 299
                                }
                            }
                        }
                    }
                ]
            }
        }
    },
    "rewards": {
        "function": "durability_ping:damage"
    }
}