{
  "type": "minecraft:cache_once",
  "argument": {
    "type": "minecraft:mul",
    "argument1": {
      "type": "minecraft:add",
      "argument1": -2.325,
      "argument2": {
        "type": "minecraft:flat_cache",
        "argument": {
          "type": "minecraft:cache_2d",
          "argument": {
            "type": "minecraft:noise",
            "noise": "terralith:math/cliff/slope",
            "xz_scale": 1.0,
            "y_scale": 0.0
          }
        }
      }
    },
    "argument2": "terralith:overworld/cliff/cliff_depth"
  }
}