{
    "type": "minecraft:jigsaw",
    "biomes": "#terralith:has_structure/witch_hut",
    "max_distance_from_center": 80,
    "project_start_to_heightmap": "WORLD_SURFACE_WG",
    "size": 6,
    "spawn_overrides": {
        "creature": {
            "bounding_box": "piece",
            "spawns": [
                {
                    "type": "minecraft:cat",
                    "maxCount": 1,
                    "minCount": 1,
                    "weight": 1
                }
            ]
        },
        "monster": {
            "bounding_box": "piece",
            "spawns": [
                {
                    "type": "minecraft:witch",
                    "maxCount": 2,
                    "minCount": 1,
                    "weight": 1
                }
            ]
        }
    },
    "start_height": {
        "absolute": 0
    },
    "start_pool": "terralith:regular/witch_hut",
    "step": "surface_structures",
    "terrain_adaptation": "beard_thin",
    "use_expansion_hack": false
}