{"lavaflow:ocean":{"r":255,"g":216,"b":20},"lavaflow:gravel_beach":{"r":136,"g":136,"b":136},"lavaflow:river":{"r":255,"g":149,"b":0},"lavaflow:caves":{"r":95,"g":78,"b":78},"lavaflow:soul_sand_valley_river":{"r":221,"g":150,"b":70},"lavaflow:warped_forest_layer":{"r":93,"g":213,"b":211},"lavaflow:nether_wastes_layer":{"r":189,"g":76,"b":76},"lavaflow:crimson_forest_layer":{"r":239,"g":52,"b":52},"lavaflow:old_growth_warped_forest":{"r":11,"g":161,"b":254},"lavaflow:ghost_forest":{"r":184,"g":183,"b":183},"lavaflow:old_growth_crimson_forest":{"r":255,"g":0,"b":0}}