{
  "type": "minecraft:spline",
  "spline": {
    "coordinate": "terralith:overworld/reference/total_cheese",
    "points": [
      {
        "derivative": 0,
        "location": 0.0,
        "value": {
          "coordinate": "terralith:overworld/link/aquifer_force",
          "points": [
            {
              "derivative": 0,
              "location": -0.25,
              "value": 0.64
            },
            {
              "derivative": 0,
              "location": 0.0,
              "value": 0.0
            },
            {
              "derivative": 0,
              "location": 0.05,
              "value": -1.0
            }
          ]
        }
      },
      {
        "derivative": 0,
        "location": 0.02,
        "value": 0.0
      },
      {
        "derivative": 0,
        "location": 0.05,
        "value": -1.0
      }
    ]
  }
}