{"type":"minecraft:spline","spline":{"coordinate":"lavaflow:erosion","points":[{"location":-0.3,"value":{"coordinate":"lavaflow:offset/valley","points":[{"location":0,"value":0,"derivative":1}]},"derivative":0},{"location":-0.28,"value":{"coordinate":"lavaflow:offset/canyon","points":[{"location":0,"value":0,"derivative":1}]},"derivative":0},{"location":0.2,"value":{"coordinate":"lavaflow:offset/canyon","points":[{"location":0,"value":0,"derivative":1}]},"derivative":0},{"location":0.205,"value":{"coordinate":"lavaflow:offset/plateau","points":[{"location":0,"value":0,"derivative":1}]},"derivative":0}]}}