{
    "attributes": {
        "minecraft:visual/fog_color": 8484720,
        "minecraft:visual/fog_start_distance": -2,
        "minecraft:visual/fog_end_distance": 48,
        "minecraft:visual/water_fog_color": 5597568,
        "minecraft:visual/sky_color": 12171705,
        "minecraft:audio/ambient_sounds": {
            "mood": {
                "sound": "minecraft:ambient.cave",
                "tick_delay": 6000,
                "block_search_extent": 8,
                "offset": 2
            }
        }
    },
    "temperature": 0.7,
    "downfall": 0.8,
    "has_precipitation": true,
    "effects": {
        "water_color": 7768221,
        "grass_color": 7832178,
        "foliage_color": 8883574,
        "dry_foliage_color": 10528412
    },
    "spawners": {
        "ambient": [
            {
                "type": "minecraft:bat",
                "weight": 10,
                "minCount": 8,
                "maxCount": 8
            }
        ],
        "axolotls": [],
        "creature": [],
        "misc": [],
        "monster": [
            {
                "type": "minecraft:spider",
                "weight": 100,
                "minCount": 4,
                "maxCount": 4
            },
            {
                "type": "minecraft:zombie",
                "weight": 95,
                "minCount": 4,
                "maxCount": 4
            },
            {
                "type": "minecraft:zombie_villager",
                "weight": 5,
                "minCount": 1,
                "maxCount": 1
            },
            {
                "type": "minecraft:skeleton",
                "weight": 100,
                "minCount": 4,
                "maxCount": 4
            },
            {
                "type": "minecraft:creeper",
                "weight": 100,
                "minCount": 4,
                "maxCount": 4
            },
            {
                "type": "minecraft:slime",
                "weight": 100,
                "minCount": 4,
                "maxCount": 4
            },
            {
                "type": "minecraft:enderman",
                "weight": 10,
                "minCount": 1,
                "maxCount": 4
            },
            {
                "type": "minecraft:witch",
                "weight": 5,
                "minCount": 1,
                "maxCount": 1
            }
        ],
        "underground_water_creature": [
            {
                "type": "minecraft:glow_squid",
                "weight": 10,
                "minCount": 4,
                "maxCount": 6
            }
        ],
        "water_ambient": [],
        "water_creature": []
    },
    "spawn_costs": {},
    "carvers": [
        "minecraft:cave",
        "minecraft:cave_extra_underground",
        "minecraft:canyon"
    ],
    "features": [
        [
            "terralith:canyon/cliff/tuff_upper",
            "terralith:canyon/cliff/tuff_lower"
        ],
        [
            "minecraft:lake_lava_underground"
        ],
        [
            "minecraft:amethyst_geode"
        ],
        [
            "minecraft:monster_room",
            "minecraft:monster_room_deep"
        ],
        [],
        [],
        [
            "minecraft:ore_dirt",
            "minecraft:ore_gravel",
            "minecraft:ore_granite_upper",
            "minecraft:ore_granite_lower",
            "minecraft:ore_diorite_upper",
            "minecraft:ore_diorite_lower",
            "minecraft:ore_andesite_upper",
            "minecraft:ore_andesite_lower",
            "minecraft:ore_tuff",
            "minecraft:ore_coal_upper",
            "minecraft:ore_coal_lower",
            "minecraft:ore_iron_upper",
            "minecraft:ore_iron_middle",
            "minecraft:ore_iron_small",
            "minecraft:ore_gold",
            "minecraft:ore_gold_lower",
            "minecraft:ore_redstone",
            "minecraft:ore_redstone_lower",
            "minecraft:ore_diamond",
            "minecraft:ore_diamond_medium",
            "minecraft:ore_diamond_large",
            "minecraft:ore_diamond_buried",
            "minecraft:ore_lapis",
            "minecraft:ore_lapis_buried",
            "minecraft:ore_copper",
            "minecraft:underwater_magma",
            "terralith:forest/pale/disk_mud"
        ],
        [],
        [
            "minecraft:spring_water",
            "minecraft:spring_lava"
        ],
        [
            "minecraft:glow_lichen",
            "minecraft:pale_garden_vegetation",
            "minecraft:pale_moss_patch",
            "minecraft:pale_garden_flowers",
            "minecraft:flower_pale_garden",
            "terralith:forest/pale/trees",
            "terralith:forest/pale/fallen_tree",
            "terralith:forest/pale/patch_grass",
            "minecraft:patch_pumpkin",
            "minecraft:patch_sugar_cane",
            "minecraft:patch_firefly_bush_near_water"
        ],
        [
            "minecraft:freeze_top_layer"
        ]
    ]
}