{"ambient_light":0.1,"coordinate_scale":8.0,"has_fixed_time":true,"has_ceiling":true,"has_skylight":false,"height":256,"infiniburn":"#minecraft:infiniburn_nether","logical_height":105,"min_y":0,"monster_spawn_block_light_limit":15,"monster_spawn_light_level":7,"skybox":"none","cardinal_light":"nether","attributes":{"minecraft:gameplay/bed_rule":{"can_set_spawn":"never","can_sleep":"never","explodes":true},"minecraft:gameplay/can_start_raid":false,"minecraft:gameplay/fast_lava":true,"minecraft:gameplay/piglins_zombify":false,"minecraft:gameplay/respawn_anchor_works":true,"minecraft:gameplay/snow_golem_melts":true,"minecraft:gameplay/water_evaporates":true,"minecraft:visual/default_dripstone_particle":{"type":"minecraft:dripping_dripstone_lava"},"minecraft:visual/fog_start_distance":0,"minecraft:visual/fog_end_distance":140,"minecraft:visual/cloud_fog_end_distance":140,"minecraft:visual/cloud_height":97.33,"minecraft:visual/cloud_color":"#50600000","minecraft:audio/background_music":{"default":{"max_delay":24000,"min_delay":12000,"sound":"minecraft:music.nether.nether_wastes"}},"minecraft:audio/ambient_sounds":{"additions":[{"sound":"minecraft:ambient.nether_wastes.additions","tick_chance":0.0111}],"loop":"minecraft:ambient.nether_wastes.loop","mood":{"block_search_extent":8,"offset":2.0,"sound":"minecraft:ambient.nether_wastes.mood","tick_delay":6000}},"minecraft:visual/fog_color":3344392},"timelines":"#lavaflow:in_nether"}