{"features":[[],[],"#lavaflow:local_modifications/caves",[],"#lavaflow:surface_structures/caves",[],[],"#lavaflow:underground_decoration/caves",[],"#lavaflow:vegetal_decoration/caves"],"carvers":"#lavaflow:caves","downfall":0.0,"effects":{"water_color":4159204},"attributes":{"minecraft:audio/ambient_sounds":{"additions":{"sound":"minecraft:ambient.basalt_deltas.additions","tick_chance":0.0111},"loop":"minecraft:ambient.crimson_forest.loop","mood":{"block_search_extent":8,"offset":2.0,"sound":"minecraft:ambient.basalt_deltas.mood","tick_delay":6000}},"minecraft:visual/fog_end_distance":50,"minecraft:visual/fog_start_distance":-10,"minecraft:visual/fog_color":"#5b2007"},"has_precipitation":false,"spawn_costs":{},"spawners":{"ambient":[],"axolotls":[],"creature":[],"misc":[],"monster":[{"type":"minecraft:magma_cube","maxCount":4,"minCount":2,"weight":100},{"type":"minecraft:zombified_piglin","maxCount":4,"minCount":4,"weight":30},{"type":"minecraft:enderman","maxCount":4,"minCount":4,"weight":1}],"underground_water_creature":[],"water_ambient":[],"water_creature":[]},"temperature":2.0}