{"features":[[],[],"#lavaflow:local_modifications/base_cold",[],[],[],[],"#lavaflow:underground_decoration/base",[],"#lavaflow:vegetal_decoration/ghost_forest"],"carvers":"#lavaflow:caves","downfall":0.0,"effects":{"grass_color":9676968,"water_color":3558731},"attributes":{"minecraft:audio/ambient_sounds":{"additions":{"sound":"minecraft:ambient.soul_sand_valley.additions","tick_chance":0.0111},"loop":"minecraft:ambient.soul_sand_valley.loop","mood":{"block_search_extent":8,"offset":2.0,"sound":"minecraft:ambient.soul_sand_valley.mood","tick_delay":6000}},"minecraft:audio/background_music":{},"minecraft:audio/music_volume":0.01,"minecraft:visual/ambient_particles":[{"particle":{"type":"minecraft:firefly"},"probability":0.005}],"minecraft:visual/fog_color":3558731,"minecraft:visual/fog_start_distance":-40,"gameplay/increased_fire_burnout":true},"has_precipitation":false,"spawn_costs":{"minecraft:skeleton":{"charge":0.7,"energy_budget":0.15},"minecraft:enderman":{"charge":0.7,"energy_budget":0.15}},"spawners":{"ambient":[],"axolotls":[],"creature":[],"misc":[],"monster":[{"type":"minecraft:skeleton","maxCount":5,"minCount":5,"weight":20},{"type":"minecraft:enderman","maxCount":4,"minCount":4,"weight":1}],"underground_water_creature":[],"water_ambient":[],"water_creature":[]},"temperature":2.0}