{"features":[[],[],"#lavaflow:local_modifications/base",[],"#lavaflow:surface_structures/nether_wastes",[],[],"#lavaflow:underground_decoration/base",[],"#lavaflow:vegetal_decoration/nether_wastes"],"carvers":"#lavaflow:caves","downfall":0.0,"effects":{"water_color":4159204},"attributes":{"minecraft:visual/fog_color":3873793},"has_precipitation":false,"spawn_costs":{},"spawners":{"ambient":[],"axolotls":[],"creature":[],"misc":[],"monster":[{"type":"minecraft:ghast","maxCount":4,"minCount":4,"weight":50},{"type":"minecraft:zombified_piglin","maxCount":4,"minCount":4,"weight":100},{"type":"minecraft:magma_cube","maxCount":4,"minCount":4,"weight":2},{"type":"minecraft:enderman","maxCount":4,"minCount":4,"weight":1},{"type":"minecraft:piglin","maxCount":4,"minCount":4,"weight":15}],"underground_water_creature":[],"water_ambient":[],"water_creature":[]},"temperature":2.0}