{"features":[[],[],"#lavaflow:local_modifications/base",[],[],[],[],"#lavaflow:underground_decoration/base",[],"#lavaflow:vegetal_decoration/river"],"carvers":"#lavaflow:caves","downfall":0.0,"effects":{"water_color":4159204},"attributes":{"minecraft:audio/ambient_sounds":{"additions":{"sound":"minecraft:ambient.basalt_deltas.additions","tick_chance":0.0111},"loop":"minecraft:ambient.nether_wastes.loop","mood":{"block_search_extent":8,"offset":2.0,"sound":"minecraft:ambient.nether_wastes.mood","tick_delay":6000}},"minecraft:visual/fog_color":"#834418","minecraft:visual/fog_end_distance":165,"minecraft:visual/fog_start_distance":-10},"has_precipitation":false,"spawn_costs":{},"spawners":{"ambient":[],"axolotls":[],"creature":[{"type":"minecraft:strider","maxCount":2,"minCount":1,"weight":60}],"misc":[],"monster":[{"type":"minecraft:ghast","maxCount":4,"minCount":4,"weight":50},{"type":"minecraft:zombified_piglin","maxCount":4,"minCount":4,"weight":100},{"type":"minecraft:enderman","maxCount":4,"minCount":4,"weight":1}],"underground_water_creature":[],"water_ambient":[],"water_creature":[]},"temperature":2.0}