[{"processor_type":"minecraft:rule","rules":[{"input_predicate":{"predicate_type":"minecraft:block_match","block":"minecraft:polished_blackstone_slab"},"location_predicate":{"predicate_type":"minecraft:tag_match","tag":"lavaflow:solid_for_structures"},"output_state":{"Name":"minecraft:polished_blackstone"}},{"input_predicate":{"predicate_type":"minecraft:block_match","block":"minecraft:polished_andesite_slab"},"location_predicate":{"predicate_type":"minecraft:tag_match","tag":"minecraft:replaceable"},"output_state":{"Name":"minecraft:polished_blackstone_brick_slab","Properties":{"type":"top"}}},{"input_predicate":{"predicate_type":"minecraft:blockstate_match","block_state":{"Name":"minecraft:smooth_quartz_slab","Properties":{"type":"bottom"}}},"location_predicate":{"predicate_type":"minecraft:always_true"},"output_state":{"Name":"minecraft:polished_blackstone_brick_slab","Properties":{"type":"bottom"}}},{"input_predicate":{"predicate_type":"minecraft:blockstate_match","block_state":{"Name":"minecraft:smooth_quartz_slab","Properties":{"type":"top"}}},"location_predicate":{"predicate_type":"minecraft:always_true"},"output_state":{"Name":"minecraft:polished_blackstone_brick_slab","Properties":{"type":"top"}}},{"input_predicate":{"predicate_type":"minecraft:block_match","block":"minecraft:lime_concrete"},"location_predicate":{"predicate_type":"minecraft:block_match","block":"minecraft:lava"},"output_state":{"Name":"minecraft:polished_blackstone"}},{"input_predicate":{"predicate_type":"minecraft:random_block_match","block":"minecraft:ladder","probability":0.1},"location_predicate":{"predicate_type":"minecraft:always_true"},"output_state":{"Name":"minecraft:air"}},{"input_predicate":{"predicate_type":"minecraft:random_block_match","block":"minecraft:polished_blackstone_bricks","probability":0.3},"location_predicate":{"predicate_type":"minecraft:always_true"},"output_state":{"Name":"minecraft:cracked_polished_blackstone_bricks"}}]},{"processor_type":"minecraft:block_ignore","blocks":[{"Name":"minecraft:polished_andesite_slab"},{"Name":"minecraft:lime_concrete"}]},{"processor_type":"minecraft:block_rot","integrity":0.2,"rottable_blocks":["minecraft:soul_lantern"]}]