{
	"format_version": "1.21.11",
	"credit": "Made with Blockbench",
	"textures": {
		"0": "block/cairn-1",
		"1": "block/cairn-2",
		"2": "block/cairn-3",
		"3": "block/cairn-4",
		"4": "block/cairn-top",
		"particle": "block/cairn-1"
	},
	"elements": [
		{
			"from": [0, 0, -4],
			"to": [2, 8, 20],
			"rotation": {"x": 0, "y": 0, "z": 0, "origin": [0, 0, -4]},
			"faces": {
				"north": {"uv": [1, 4, 1.5, 6], "texture": "#0"},
				"east": {"uv": [0, 0, 6, 2], "texture": "#0"},
				"south": {"uv": [1.5, 4, 2, 6], "texture": "#0"},
				"west": {"uv": [0, 2, 6, 4], "texture": "#0"},
				"up": {"uv": [0.5, 10, 0, 4], "texture": "#0"},
				"down": {"uv": [1, 4, 0.5, 10], "texture": "#0"}
			}
		},
		{
			"from": [1, 8, -2.3],
			"to": [3, 16, 18.3],
			"rotation": {"x": 0, "y": 0, "z": 0, "origin": [1, 0, -4]},
			"faces": {
				"north": {"uv": [1, 4, 1.5, 6], "texture": "#1"},
				"east": {"uv": [0, 0, 5.25, 2], "texture": "#1"},
				"south": {"uv": [1.5, 4, 2, 6], "texture": "#1"},
				"west": {"uv": [0, 2, 5.25, 4], "texture": "#1"},
				"up": {"uv": [0.5, 9.25, 0, 4], "texture": "#1"},
				"down": {"uv": [1, 4, 0.5, 9.25], "texture": "#1"}
			}
		},
		{
			"from": [2, 16, -0.5],
			"to": [4, 24, 16.5],
			"rotation": {"x": 0, "y": 0, "z": 0, "origin": [2, 0, -4]},
			"faces": {
				"north": {"uv": [1, 4, 1.5, 6], "texture": "#2"},
				"east": {"uv": [0, 0, 4.25, 2], "texture": "#2"},
				"south": {"uv": [1.5, 4, 2, 6], "texture": "#2"},
				"west": {"uv": [0, 2, 4.25, 4], "texture": "#2"},
				"up": {"uv": [0.5, 8.25, 0, 4], "texture": "#2"},
				"down": {"uv": [1, 4, 0.5, 8.25], "texture": "#2"}
			}
		},
		{
			"from": [3, 24, 1.2],
			"to": [5, 32, 14.8],
			"rotation": {"x": 0, "y": 0, "z": 0, "origin": [3, 0, -4]},
			"faces": {
				"north": {"uv": [0, 8, 1, 12], "texture": "#3"},
				"east": {"uv": [0, 0, 7, 4], "texture": "#3"},
				"south": {"uv": [8, 0, 9, 4], "texture": "#3"},
				"west": {"uv": [0, 4, 7, 8], "texture": "#3"},
				"up": {"uv": [8, 7, 7, 0], "texture": "#3"},
				"down": {"uv": [8, 7, 7, 14], "texture": "#3"}
			}
		},
		{
			"from": [0, 0, -4],
			"to": [2, 8, 20],
			"rotation": {"x": 0.00006, "y": 60, "z": 0.0001, "origin": [1, 0, -4]},
			"faces": {
				"north": {"uv": [1.5, 4, 2, 6], "texture": "#0"},
				"east": {"uv": [0, 2, 6, 4], "texture": "#0"},
				"south": {"uv": [1, 4, 1.5, 6], "texture": "#0"},
				"west": {"uv": [0, 0, 6, 2], "texture": "#0"},
				"up": {"uv": [0, 4, 0.5, 10], "texture": "#0"},
				"down": {"uv": [0.5, 4, 1, 10], "texture": "#0"}
			}
		},
		{
			"from": [-0.5, 8, -1.5],
			"to": [1.5, 16, 19.3],
			"rotation": {"x": 0.00006, "y": 60, "z": 0.0001, "origin": [0.5, 0, -3.1]},
			"faces": {
				"north": {"uv": [1.5, 4, 2, 6], "texture": "#1"},
				"east": {"uv": [0, 2, 5.25, 4], "texture": "#1"},
				"south": {"uv": [1, 4, 1.5, 6], "texture": "#1"},
				"west": {"uv": [0, 0, 5.25, 2], "texture": "#1"},
				"up": {"uv": [0.5, 9.25, 0, 4], "rotation": 180, "texture": "#1"},
				"down": {"uv": [1, 4, 0.5, 9.25], "texture": "#1"}
			}
		},
		{
			"from": [-1, 16, 1.2],
			"to": [1, 24, 18.4],
			"rotation": {"x": 0.00006, "y": 60, "z": 0.0001, "origin": [0, 0, -2.2]},
			"faces": {
				"north": {"uv": [1.5, 4, 2, 6], "texture": "#2"},
				"east": {"uv": [0, 2, 4.25, 4], "texture": "#2"},
				"south": {"uv": [1, 4, 1.5, 6], "texture": "#2"},
				"west": {"uv": [0, 0, 4.25, 2], "texture": "#2"},
				"up": {"uv": [0, 4, 0.5, 8.25], "texture": "#2"},
				"down": {"uv": [0.5, 4, 1, 8.25], "texture": "#2"}
			}
		},
		{
			"from": [-1.5, 24, 3.8],
			"to": [0.5, 32, 17.6],
			"rotation": {"x": 0.00006, "y": 60, "z": 0.0001, "origin": [-0.5, 0, -1.3]},
			"faces": {
				"north": {"uv": [8, 0, 9, 4], "texture": "#3"},
				"east": {"uv": [0, 4, 7, 8], "texture": "#3"},
				"south": {"uv": [0, 8, 1, 12], "texture": "#3"},
				"west": {"uv": [0, 0, 7, 4], "texture": "#3"},
				"up": {"uv": [8, 7, 7, 0], "texture": "#3"},
				"down": {"uv": [8, 7, 7, 14], "texture": "#3"}
			}
		},
		{
			"from": [0, 0, -4],
			"to": [2, 8, 19],
			"rotation": {"x": 0, "y": -60, "z": 0, "origin": [1, 0, 20]},
			"faces": {
				"north": {"uv": [1.5, 4, 2, 6], "texture": "#0"},
				"east": {"uv": [0, 2, 6, 4], "texture": "#0"},
				"south": {"uv": [1, 4, 1.5, 6], "texture": "#0"},
				"west": {"uv": [0, 0, 6, 2], "texture": "#0"},
				"up": {"uv": [0.5, 10, 0, 4], "rotation": 180, "texture": "#0"},
				"down": {"uv": [1, 4, 0.5, 10], "texture": "#0"}
			}
		},
		{
			"from": [-0.5, 8, -3.2],
			"to": [1.5, 16, 17.4],
			"rotation": {"x": 0, "y": -60, "z": 0, "origin": [0.5, 0, 19.1]},
			"faces": {
				"north": {"uv": [1.5, 4, 2, 6], "texture": "#1"},
				"east": {"uv": [0, 2, 5.25, 4], "texture": "#1"},
				"south": {"uv": [1, 4, 1.5, 6], "texture": "#1"},
				"west": {"uv": [0, 0, 5.25, 2], "texture": "#1"},
				"up": {"uv": [0, 4, 0.5, 9.25], "texture": "#1"},
				"down": {"uv": [0.5, 4, 1, 9.25], "texture": "#1"}
			}
		},
		{
			"from": [-1, 16, -2.3],
			"to": [1, 24, 14.7],
			"rotation": {"x": 0, "y": -60, "z": 0, "origin": [0, 0, 18.2]},
			"faces": {
				"north": {"uv": [1.5, 4, 2, 6], "texture": "#2"},
				"east": {"uv": [0, 2, 4.25, 4], "texture": "#2"},
				"south": {"uv": [1, 4, 1.5, 6], "texture": "#2"},
				"west": {"uv": [0, 0, 4.25, 2], "texture": "#2"},
				"up": {"uv": [0.5, 8.25, 0, 4], "rotation": 180, "texture": "#2"},
				"down": {"uv": [1, 4, 0.5, 8.25], "texture": "#2"}
			}
		},
		{
			"from": [-1.5, 24, -1.5],
			"to": [0.5, 32, 12.1],
			"rotation": {"x": 0, "y": -60, "z": 0, "origin": [-0.5, 0, 17.3]},
			"faces": {
				"north": {"uv": [8, 0, 9, 4], "texture": "#3"},
				"east": {"uv": [0, 4, 7, 8], "texture": "#3"},
				"south": {"uv": [0, 8, 1, 12], "texture": "#3"},
				"west": {"uv": [0, 0, 7, 4], "texture": "#3"},
				"up": {"uv": [7, 0, 8, 7], "texture": "#3"},
				"down": {"uv": [7, 7, 8, 14], "texture": "#3"}
			}
		},
		{
			"from": [5, 30, 3],
			"to": [8, 32, 13],
			"rotation": {"x": 0, "y": 0, "z": 0, "origin": [5, 30, 11]},
			"faces": {
				"north": {"uv": [0, 0, 3, 2], "texture": "#4"},
				"east": {"uv": [0, 0, 10, 2], "texture": "#4"},
				"south": {"uv": [0, 0, 3, 2], "texture": "#4"},
				"west": {"uv": [0, 0, 10, 2], "texture": "#4"},
				"up": {"uv": [0, 0, 3, 10], "texture": "#4"},
				"down": {"uv": [0, 0, 3, 10], "texture": "#4"}
			}
		},
		{
			"from": [8, 30, 4],
			"to": [10, 32, 12],
			"rotation": {"x": 0, "y": 0, "z": 0, "origin": [8, 30, 11]},
			"faces": {
				"north": {"uv": [1, 0, 3, 2], "texture": "#4"},
				"east": {"uv": [1, 0, 9, 2], "texture": "#4"},
				"south": {"uv": [0, 0, 2, 2], "texture": "#4"},
				"west": {"uv": [1, 0, 9, 2], "texture": "#4"},
				"up": {"uv": [0, 1, 2, 9], "texture": "#4"},
				"down": {"uv": [0, 1, 2, 9], "texture": "#4"}
			}
		},
		{
			"from": [10, 30, 6],
			"to": [14, 32, 10],
			"rotation": {"x": 0, "y": 0, "z": 0, "origin": [10, 30, 11]},
			"faces": {
				"north": {"uv": [0, 0, 3, 2], "texture": "#4"},
				"east": {"uv": [3, 0, 7, 2], "texture": "#4"},
				"south": {"uv": [0, 0, 4, 2], "texture": "#4"},
				"west": {"uv": [3, 0, 7, 2], "texture": "#4"},
				"up": {"uv": [0, 3, 4, 7], "texture": "#4"},
				"down": {"uv": [0, 3, 4, 7], "texture": "#4"}
			}
		}
	],
	"display": {
		"thirdperson_righthand": {
			"scale": [0.2, 0.2, 0.2]
		},
		"thirdperson_lefthand": {
			"scale": [0.2, 0.2, 0.2]
		},
		"firstperson_righthand": {
			"scale": [0.2, 0.2, 0.2]
		},
		"firstperson_lefthand": {
			"scale": [0.2, 0.2, 0.2]
		},
		"ground": {
			"rotation": [0, 90, 0],
			"translation": [0, -1.5, 0],
			"scale": [0.4, 0.4, 0.4]
		},
		"gui": {
			"rotation": [0, 90, 0],
			"translation": [0, -3, 0],
			"scale": [0.4, 0.4, 0.4]
		},
		"head": {
			"rotation": [0, 30, 0],
			"translation": [0, -18.75, 0.25],
			"scale": [3.63, 2.75, 3.63]
		},
		"fixed": {
			"rotation": [0, 90, 0],
			"translation": [0, -3, 0],
			"scale": [0.4, 0.4, 0.4]
		},
		"on_shelf": {
			"rotation": [0, 90, 0],
			"translation": [0, -3, 0],
			"scale": [0.4, 0.4, 0.4]
		}
	}
}