{"feature":"lavaflow:basalt_pillar_with_disk","placement":[{"type":"minecraft:height_range","height":{"absolute":48}},{"type":"minecraft:count","count":{"type":"minecraft:uniform","min_inclusive":0,"max_inclusive":3}},{"type":"minecraft:in_square"},{"type":"minecraft:biome"},{"type":"minecraft:environment_scan","direction_of_search":"up","max_steps":32,"target_condition":{"type":"minecraft:all_of","predicates":[{"type":"minecraft:matching_blocks","blocks":"#minecraft:air","offset":[0,0,0]},{"type":"minecraft:has_sturdy_face","direction":"down","offset":[0,1,0]}]},"allowed_search_condition":{"type":"minecraft:replaceable"}},{"type":"minecraft:environment_scan","direction_of_search":"down","max_steps":32,"target_condition":{"type":"all_of","predicates":[{"type":"minecraft:matching_blocks","blocks":"#minecraft:air","offset":[0,0,0]},{"type":"minecraft:has_sturdy_face","direction":"down","offset":[0,-1,0]},{"type":"minecraft:not","predicate":{"type":"minecraft:matching_blocks","blocks":"minecraft:basalt","offset":[0,-1,0]}}]},"allowed_search_condition":{"type":"minecraft:replaceable"}},{"type":"minecraft:count","count":10}]}