{"feature":"lavaflow:cave_ceiling","placement":[{"type":"minecraft:height_range","height":{"type":"minecraft:uniform","min_inclusive":{"above_bottom":0},"max_inclusive":{"absolute":60}}},{"type":"minecraft:count","count":10},{"type":"minecraft:in_square"},{"type":"minecraft:environment_scan","direction_of_search":"up","max_steps":32,"target_condition":{"type":"all_of","predicates":[{"type":"minecraft:replaceable"},{"type":"minecraft:has_sturdy_face","direction":"down","offset":[0,1,0]}]},"allowed_search_condition":{"type":"minecraft:true"}},{"type":"minecraft:biome"}]}