{"feature":"lavaflow:fossil","placement":[{"type":"minecraft:height_range","height":{"absolute":65}},{"type":"minecraft:count","count":1},{"type":"minecraft:in_square"},{"type":"minecraft:environment_scan","direction_of_search":"down","max_steps":32,"target_condition":{"type":"all_of","predicates":[{"type":"minecraft:replaceable"},{"type":"minecraft:matching_blocks","blocks":"#lavaflow:ground","offset":[0,-1,0]}]},"allowed_search_condition":{"type":"minecraft:true"}},{"type":"minecraft:biome"},{"type":"minecraft:random_offset","xz_spread":0,"y_spread":16}]}