{"feature":"minecraft:glowstone_extra","placement":[{"type":"minecraft:height_range","height":{"absolute":105}},{"type":"minecraft:rarity_filter","chance":1},{"type":"minecraft:in_square"},{"type":"minecraft:biome"},{"type":"minecraft:environment_scan","direction_of_search":"up","max_steps":32,"target_condition":{"type":"all_of","predicates":[{"type":"minecraft:matching_blocks","blocks":"#minecraft:air","offset":[0,0,0]},{"type":"minecraft:has_sturdy_face","direction":"down","offset":[0,1,0]}]},"allowed_search_condition":{"type":"minecraft:replaceable"}}]}