{"feature":"lavaflow:spring_lava_ceiling","placement":[{"type":"minecraft:rarity_filter","chance":2},{"type":"minecraft:height_range","height":{"absolute":45}},{"type":"minecraft:in_square"},{"type":"minecraft:biome"},{"type":"minecraft:height_range","height":{"absolute":115}},{"type":"minecraft:biome"},{"type":"minecraft:environment_scan","direction_of_search":"up","max_steps":32,"target_condition":{"type":"all_of","predicates":[{"type":"minecraft:matching_blocks","blocks":"#minecraft:air","offset":[0,-1,0]},{"type":"minecraft:matching_blocks","blocks":"#lavaflow:ground","offset":[0,0,0]}]},"allowed_search_condition":{"type":"minecraft:true"}},{"type":"minecraft:block_predicate_filter","predicate":{"type":"all_of","predicates":[{"type":"minecraft:matching_blocks","blocks":"#lavaflow:ground","offset":[1,0,0]},{"type":"minecraft:matching_blocks","blocks":"#lavaflow:ground","offset":[-1,0,0]},{"type":"minecraft:matching_blocks","blocks":"#lavaflow:ground","offset":[0,0,1]},{"type":"minecraft:matching_blocks","blocks":"#lavaflow:ground","offset":[0,0,-1]}]}}]}