{"feature":"lavaflow:old_growth_crimson_fungus","placement":[{"type":"minecraft:height_range","height":{"absolute":105}},{"type":"minecraft:count","count":50},{"type":"in_square"},{"type":"minecraft:biome"},{"type":"minecraft:environment_scan","direction_of_search":"down","max_steps":32,"target_condition":{"type":"minecraft:all_of","predicates":[{"type":"minecraft:replaceable"},{"type":"minecraft:matching_block_tag","tag":"lavaflow:ground","offset":[0,-1,0]}]},"allowed_search_condition":{"type":"minecraft:replaceable"}},{"type":"minecraft:random_offset","xz_spread":0,"y_spread":{"type":"minecraft:uniform","min_inclusive":2,"max_inclusive":6}}]}