{"feature":"lavaflow:old_growth_warped_fungus","placement":[{"type":"minecraft:height_range","height":{"absolute":105}},{"type":"minecraft:count","count":10},{"type":"in_square"},{"type":"minecraft:biome"},{"type":"minecraft:environment_scan","direction_of_search":"down","max_steps":32,"target_condition":{"type":"minecraft:all_of","predicates":[{"type":"minecraft:replaceable"},{"type":"minecraft:matching_blocks","blocks":"minecraft:warped_nylium","offset":[0,-1,0]},{"type":"minecraft:not","predicate":{"type":"minecraft:matching_fluids","fluids":"minecraft:lava"}}]},"allowed_search_condition":{"type":"minecraft:replaceable"}}]}