{"feature":"lavaflow:ore_debris_exposed","placement":[{"type":"minecraft:count","count":2},{"type":"minecraft:in_square"},{"type":"minecraft:height_range","height":{"type":"minecraft:biased_to_bottom","max_inclusive":{"absolute":60},"min_inclusive":{"above_bottom":30}}},{"type":"minecraft:biome"},{"type":"minecraft:block_predicate_filter","predicate":{"type":"minecraft:all_of","predicates":[{"type":"minecraft:matching_blocks","blocks":"#minecraft:base_stone_nether"},{"type":"minecraft:any_of","predicates":[{"type":"minecraft:matching_blocks","blocks":"minecraft:air","offset":[1,0,0]},{"type":"minecraft:matching_blocks","blocks":"minecraft:air","offset":[-1,0,0]},{"type":"minecraft:matching_blocks","blocks":"minecraft:air","offset":[0,1,0]},{"type":"minecraft:matching_blocks","blocks":"minecraft:air","offset":[0,-1,0]},{"type":"minecraft:matching_blocks","blocks":"minecraft:air","offset":[0,0,1]},{"type":"minecraft:matching_blocks","blocks":"minecraft:air","offset":[0,0,-1]}]}]}}]}