{"feature":"lavaflow:pale_hanging_moss","placement":[{"type":"minecraft:height_range","height":{"absolute":65}},{"type":"minecraft:count","count":32},{"type":"minecraft:in_square"},{"type":"minecraft:biome"},{"type":"minecraft:environment_scan","direction_of_search":"down","max_steps":32,"target_condition":{"type":"all_of","predicates":[{"type":"minecraft:replaceable"},{"type":"minecraft:matching_blocks","blocks":"minecraft:pale_oak_leaves","offset":[0,1,0]}]},"allowed_search_condition":{"type":"minecraft:true"}}]}