{"feature":"minecraft:weeping_vines","placement":[{"type":"minecraft:height_range","height":{"absolute":91}},{"type":"minecraft:rarity_filter","chance":3},{"type":"in_square"},{"type":"minecraft:biome"},{"type":"minecraft:height_range","height":{"absolute":62}},{"type":"minecraft:environment_scan","direction_of_search":"up","max_steps":32,"target_condition":{"type":"minecraft:all_of","predicates":[{"type":"minecraft:has_sturdy_face","direction":"down","offset":[0,1,0]},{"type":"minecraft:matching_blocks","blocks":"minecraft:air"}]}}]}