{
	"display": {
		"icon": {
			"id": "minecraft:grass_block"
		},
		"title": {"translate":"Alpha Days"},
		"description": {"translate":"Discover the mythical islands of Alpha"},
		"announce_to_chat": true,
		"frame": "challenge"
	},
	"parent": "blazeandcave:biomes/aesthetic",	
	"rewards": {
		"function": "bacap_rewards:biomes/alpha_days"
	},	
	"criteria": {
		"alpha_islands": {
			"trigger": "minecraft:location",
			"conditions": {
				"player": [
					{
						"condition": "minecraft:entity_properties",
						"entity": "this",
						"predicate": {
							"location": {
								"biomes": "terralith:alpha_islands"
							}
						}
					},
					{
						"condition": "minecraft:inverted",
						"term": {
							"condition": "minecraft:entity_properties",
							"entity": "this",
							"predicate": {
								"type_specific": {
									"type": "player",
									"gamemode": ["spectator"]
								}
							}
						}
					}
				]
			}
		},
		"alpha_islands_winter": {
			"trigger": "minecraft:location",
			"conditions": {
				"player": [
					{
						"condition": "minecraft:entity_properties",
						"entity": "this",
						"predicate": {
							"location": {
								"biomes": "terralith:alpha_islands_winter"
							}
						}
					},
					{
						"condition": "minecraft:inverted",
						"term": {
							"condition": "minecraft:entity_properties",
							"entity": "this",
							"predicate": {
								"type_specific": {
									"type": "player",
									"gamemode": ["spectator"]
								}
							}
						}
					}
				]
			}
		}
	},
	"requirements": [
		[
			"alpha_islands",
			"alpha_islands_winter"
		]
	]
}