{"features":[[],[],"#lavaflow:local_modifications/base",[],"#lavaflow:surface_structures/basalt_deltas",[],[],"#lavaflow:underground_decoration/basalt_deltas",[],"#lavaflow:vegetal_decoration/basalt_deltas"],"carvers":["lavaflow:cave"],"downfall":0.0,"effects":{"water_color":4159204},"attributes":{"minecraft:audio/ambient_sounds":{"additions":{"sound":"minecraft:ambient.basalt_deltas.additions","tick_chance":0.0111},"loop":"minecraft:ambient.basalt_deltas.loop","mood":{"block_search_extent":8,"offset":2.0,"sound":"minecraft:ambient.basalt_deltas.mood","tick_delay":6000}},"minecraft:audio/background_music":{"default":{"max_delay":24000,"min_delay":12000,"sound":"minecraft:music.nether.basalt_deltas"}},"minecraft:visual/ambient_particles":[{"particle":{"type":"minecraft:white_ash"},"probability":0.118093334}],"minecraft:visual/fog_color":"#776356","minecraft:visual/fog_end_distance":96},"has_precipitation":false,"spawn_costs":{},"spawners":{"ambient":[],"axolotls":[],"creature":[],"misc":[],"monster":[{"type":"minecraft:ghast","maxCount":1,"minCount":1,"weight":40},{"type":"minecraft:magma_cube","maxCount":5,"minCount":2,"weight":100}],"underground_water_creature":[],"water_ambient":[],"water_creature":[]},"temperature":2.0}