{"features":[[],[],"#lavaflow:local_modifications/base",[],[],[],[],"#lavaflow:underground_decoration/base",[],"#lavaflow:vegetal_decoration/crimson_forest"],"carvers":"#lavaflow:caves","downfall":0.0,"effects":{"water_color":4159204},"attributes":{"minecraft:audio/ambient_sounds":{"additions":{"sound":"minecraft:ambient.crimson_forest.additions","tick_chance":0.0111},"loop":"minecraft:ambient.crimson_forest.loop","mood":{"block_search_extent":8,"offset":2.0,"sound":"minecraft:ambient.crimson_forest.mood","tick_delay":6000}},"minecraft:audio/background_music":{"default":{"max_delay":24000,"min_delay":12000,"sound":"minecraft:music.nether.crimson_forest"}},"minecraft:visual/ambient_particles":[{"particle":{"type":"minecraft:crimson_spore"},"probability":0.025}],"minecraft:visual/fog_color":"#330303"},"has_precipitation":false,"spawn_costs":{},"spawners":{"ambient":[],"axolotls":[],"creature":[],"misc":[],"monster":[{"type":"minecraft:zombified_piglin","maxCount":4,"minCount":2,"weight":1},{"type":"minecraft:hoglin","maxCount":4,"minCount":3,"weight":9},{"type":"minecraft:piglin","maxCount":4,"minCount":3,"weight":5}],"underground_water_creature":[],"water_ambient":[],"water_creature":[]},"temperature":2.0}