{"features":[[],[],"#lavaflow:local_modifications/base_cold",[],[],[],[],"#lavaflow:underground_decoration/base",[],"#lavaflow:vegetal_decoration/soul_sand_valley"],"carvers":"#lavaflow:caves","downfall":0.0,"effects":{"water_color":4159204},"attributes":{"minecraft:audio/ambient_sounds":{"additions":{"sound":"minecraft:ambient.soul_sand_valley.additions","tick_chance":0.0111},"loop":"minecraft:ambient.soul_sand_valley.loop","mood":{"block_search_extent":8,"offset":2.0,"sound":"minecraft:ambient.soul_sand_valley.mood","tick_delay":6000}},"minecraft:audio/background_music":{"default":{"max_delay":24000,"min_delay":12000,"sound":"minecraft:music.nether.soul_sand_valley"}},"minecraft:visual/ambient_particles":[{"particle":{"type":"minecraft:ash"},"probability":0.00625}],"minecraft:visual/fog_color":"#1b4745","minecraft:visual/fog_end_distance":96},"has_precipitation":false,"spawn_costs":{"minecraft:enderman":{"charge":0.7,"energy_budget":0.15},"minecraft:ghast":{"charge":0.7,"energy_budget":0.15},"minecraft:skeleton":{"charge":0.7,"energy_budget":0.15}},"spawners":{"ambient":[],"axolotls":[],"creature":[],"misc":[],"monster":[{"type":"minecraft:skeleton","maxCount":5,"minCount":5,"weight":20},{"type":"minecraft:ghast","maxCount":4,"minCount":4,"weight":50},{"type":"minecraft:enderman","maxCount":4,"minCount":4,"weight":1}],"underground_water_creature":[],"water_ambient":[],"water_creature":[]},"temperature":2.0}