{"features":[[],[],"#lavaflow:local_modifications/base",[],[],[],[],"#lavaflow:underground_decoration/base",[],"#lavaflow:vegetal_decoration/warped_forest"],"carvers":"#lavaflow:caves","downfall":0.0,"effects":{"water_color":4159204},"attributes":{"minecraft:audio/ambient_sounds":{"additions":{"sound":"minecraft:ambient.warped_forest.additions","tick_chance":0.0111},"loop":"minecraft:ambient.warped_forest.loop","mood":{"block_search_extent":8,"offset":2.0,"sound":"minecraft:ambient.warped_forest.mood","tick_delay":6000}},"minecraft:audio/background_music":{"default":{"max_delay":24000,"min_delay":12000,"sound":"minecraft:music.nether.warped_forest"}},"minecraft:visual/ambient_particles":[{"particle":{"type":"minecraft:warped_spore"},"probability":0.01428}],"minecraft:visual/fog_color":"#1a051a"},"has_precipitation":false,"spawn_costs":{"minecraft:enderman":{"charge":1.0,"energy_budget":0.12}},"spawners":{"ambient":[],"axolotls":[],"creature":[],"misc":[],"monster":[{"type":"minecraft:enderman","maxCount":4,"minCount":4,"weight":1}],"underground_water_creature":[],"water_ambient":[],"water_creature":[]},"temperature":2.0}