{
  "processors": [
    {
      "processor_type": "minecraft:rule",
      "rules": [
        {
          "input_predicate": {
            "block": "minecraft:lodestone",
            "predicate_type": "minecraft:random_block_match",
            "probability": 0.9
          },
          "location_predicate": {
            "predicate_type": "minecraft:always_true"
          },
          "output_state": {
            "Name": "minecraft:chiseled_stone_bricks"
          }
        }
      ]
    }
  ]
}