{"type":"minecraft:chest","pools":[{"rolls":1,"entries":[{"type":"minecraft:item","functions":[{"add":false,"count":{"type":"minecraft:uniform","max":12,"min":4},"function":"minecraft:set_count"}],"name":"minecraft:ladder","weight":1}]},{"rolls":{"type":"minecraft:uniform","min":2,"max":5},"entries":[{"type":"minecraft:item","functions":[],"name":"minecraft:golden_apple","weight":1},{"type":"minecraft:item","functions":[{"add":false,"count":{"type":"minecraft:uniform","max":6,"min":2},"function":"minecraft:set_count"}],"name":"minecraft:gravel","weight":8},{"type":"minecraft:item","functions":[{"add":false,"count":{"type":"minecraft:uniform","max":6,"min":2},"function":"minecraft:set_count"}],"name":"minecraft:soul_sand","weight":4},{"type":"minecraft:item","functions":[{"add":false,"count":{"type":"minecraft:uniform","max":6,"min":2},"function":"minecraft:set_count"}],"name":"minecraft:polished_blackstone_slab","weight":4},{"type":"minecraft:item","functions":[{"add":false,"count":{"type":"minecraft:uniform","max":6,"min":2},"function":"minecraft:set_count"}],"name":"minecraft:polished_blackstone_bricks","weight":4},{"type":"minecraft:item","functions":[{"add":false,"count":{"type":"minecraft:uniform","max":6,"min":1},"function":"minecraft:set_count"}],"name":"minecraft:bone","weight":6},{"type":"minecraft:item","functions":[{"add":false,"count":{"type":"minecraft:uniform","max":6,"min":1},"function":"minecraft:set_count"}],"name":"minecraft:cooked_beef","weight":2},{"type":"minecraft:item","functions":[{"add":false,"count":{"type":"minecraft:uniform","max":3,"min":1},"function":"minecraft:set_count"}],"name":"minecraft:golden_carrot","weight":1}]}]}