{"type":"minecraft:chest","pools":[{"rolls":4,"entries":[{"type":"minecraft:item","functions":[],"name":"minecraft:saddle","weight":2},{"type":"minecraft:item","functions":[{"function":"minecraft:set_damage","damage":{"type":"minecraft:uniform","min":0,"max":1.0}}],"name":"minecraft:fishing_rod","weight":1},{"type":"minecraft:item","functions":[{"function":"minecraft:set_damage","damage":{"type":"minecraft:uniform","min":0,"max":1.0}}],"name":"minecraft:warped_fungus_on_a_stick","weight":1},{"type":"minecraft:item","functions":[{"add":false,"count":{"type":"minecraft:uniform","max":6,"min":2},"function":"minecraft:set_count"}],"name":"minecraft:nether_brick_fence","weight":4},{"type":"minecraft:item","functions":[{"add":false,"count":{"type":"minecraft:uniform","max":2,"min":1},"function":"minecraft:set_count"}],"name":"minecraft:lead","weight":2},{"type":"minecraft:item","functions":[{"add":false,"count":{"type":"minecraft:uniform","max":4,"min":2},"function":"minecraft:set_count"}],"name":"minecraft:string","weight":4},{"type":"minecraft:item","functions":[{"add":false,"count":{"type":"minecraft:uniform","max":3,"min":1},"function":"minecraft:set_count"}],"name":"minecraft:stick","weight":6},{"type":"minecraft:item","functions":[{"add":false,"count":{"type":"minecraft:uniform","max":3,"min":2},"function":"minecraft:set_count"}],"name":"minecraft:warped_fungus","weight":6}]},{"rolls":{"type":"minecraft:uniform","min":0,"max":2},"entries":[{"type":"minecraft:item","functions":[],"name":"minecraft:golden_apple","weight":1},{"type":"minecraft:item","functions":[{"add":false,"count":{"type":"minecraft:uniform","max":6,"min":2},"function":"minecraft:set_count"}],"name":"minecraft:gravel","weight":8},{"type":"minecraft:item","functions":[{"add":false,"count":{"type":"minecraft:uniform","max":3,"min":1},"function":"minecraft:set_count"}],"name":"minecraft:cooked_beef","weight":2},{"type":"minecraft:item","functions":[{"add":false,"count":{"type":"minecraft:uniform","max":3,"min":1},"function":"minecraft:set_count"}],"name":"minecraft:golden_carrot","weight":1}]}]}