{
  "textures": {
    "golem": "minecraft:entity/copper_golem/copper_golem",
    "particle": "minecraft:block/copper_block"
  },
  "elements": [
    {
      "from": [8, 0, 6],
      "to": [12, 5, 10],
      "rotation": {"angle": 0, "axis": "y", "origin": [8, 2.5, 8]},
      "faces": {
        "north": {"uv": [1, 7.75, 2, 9], "texture": "#golem"},
        "east": {"uv": [0, 7.75, 1, 9], "texture": "#golem"},
        "south": {"uv": [3, 7.75, 4, 9], "texture": "#golem"},
        "west": {"uv": [2, 7.75, 3, 9], "texture": "#golem"},
        "up": {"uv": [1, 6.75, 2, 7.75], "texture": "#golem"},
        "down": {"uv": [2, 6.75, 3, 7.75], "texture": "#golem"}
      }
    },
    {
      "from": [4, 0, 6],
      "to": [8, 5, 10],
      "rotation": {"angle": 0, "axis": "y", "origin": [8, 2.5, 8]},
      "faces": {
        "north": {"uv": [5, 7.75, 6, 9], "texture": "#golem"},
        "east": {"uv": [4, 7.75, 5, 9], "texture": "#golem"},
        "south": {"uv": [7, 7.75, 8, 9], "texture": "#golem"},
        "west": {"uv": [6, 7.75, 7, 9], "texture": "#golem"},
        "up": {"uv": [5, 6.75, 6, 7.75], "texture": "#golem"},
        "down": {"uv": [6, 6.75, 7, 7.75], "texture": "#golem"}
      }
    },
    {
      "from": [12, 2, 6],
      "to": [15, 12, 10],
      "rotation": {"angle": 0, "axis": "y", "origin": [12, 4.5, 8]},
      "faces": {
        "north": {"uv": [10, 5, 10.75, 7.5], "texture": "#golem"},
        "east": {"uv": [9, 5, 10, 7.5], "texture": "#golem"},
        "south": {"uv": [11.75, 5, 12.5, 7.5], "texture": "#golem"},
        "west": {"uv": [10.75, 5, 11.75, 7.5], "texture": "#golem"},
        "up": {"uv": [10, 4, 10.75, 5], "texture": "#golem"},
        "down": {"uv": [11.5, 4, 10.75, 5], "texture": "#golem"}
      }
    },
    {
      "from": [1, 2, 6],
      "to": [4, 12, 10],
      "rotation": {"angle": 0, "axis": "y", "origin": [1, 4.5, 8]},
      "faces": {
        "north": {"uv": [13.5, 5, 14.25, 7.5], "texture": "#golem"},
        "east": {"uv": [12.5, 5, 13.5, 7.5], "texture": "#golem"},
        "south": {"uv": [15.25, 5, 16, 7.5], "texture": "#golem"},
        "west": {"uv": [14.25, 5, 15.25, 7.5], "texture": "#golem"},
        "up": {"uv": [13.5, 4, 14.25, 5], "texture": "#golem"},
        "down": {"uv": [15, 4, 14.25, 5], "texture": "#golem"}
      }
    },
    {
      "from": [4, 5, 5],
      "to": [12, 11, 11],
      "rotation": {"angle": 0, "axis": "y", "origin": [4, 5, 9]},
      "faces": {
        "north": {"uv": [1.5, 5.25, 3.5, 6.75], "texture": "#golem"},
        "east": {"uv": [0, 5.25, 1.5, 6.75], "texture": "#golem"},
        "south": {"uv": [5, 5.25, 7, 6.75], "texture": "#golem"},
        "west": {"uv": [3.5, 5.25, 5, 6.75], "texture": "#golem"},
        "up": {"uv": [1.5, 3.75, 3.5, 5.25], "texture": "#golem"},
        "down": {"uv": [3.5, 3.75, 5.5, 5.25], "texture": "#golem"}
      }
    },
    {
      "from": [4, 11, 3],
      "to": [12, 16, 13],
      "rotation": {"angle": 0, "axis": "y", "origin": [8, 11, 8]},
      "faces": {
        "north": {"uv": [2.5, 2.5, 4.5, 3.75], "texture": "#golem"},
        "east": {"uv": [0, 2.5, 2.5, 3.75], "texture": "#golem"},
        "south": {"uv": [7, 2.5, 9, 3.75], "texture": "#golem"},
        "west": {"uv": [4.5, 2.5, 7, 3.75], "texture": "#golem"},
        "up": {"uv": [2.5, 0, 4.5, 2.5], "texture": "#golem"},
        "down": {"uv": [4.5, 0, 6.5, 2.5], "texture": "#golem"}
      }
    },
    {
      "from": [7, 10, 2],
      "to": [9, 13, 4],
      "rotation": {"angle": 0, "axis": "y", "origin": [8, 11, 8]},
      "faces": {
        "north": {"uv": [14.5, 0.5, 15, 1.25], "texture": "#golem"},
        "east": {"uv": [14, 0.5, 14.5, 1.25], "texture": "#golem"},
        "south": {"uv": [15.5, 0.5, 16, 1.25], "texture": "#golem"},
        "west": {"uv": [15, 0.5, 15.5, 1.25], "texture": "#golem"},
        "up": {"uv": [14.5, 0, 15, 0.5], "texture": "#golem"},
        "down": {"uv": [15, 0, 15.5, 0.5], "texture": "#golem"}
      }
    },
    {
      "from": [7, 16, 7],
      "to": [9, 20, 9],
      "rotation": {"angle": 0, "axis": "y", "origin": [8, 16, 8]},
      "faces": {
        "north": {"uv": [9.75, 2.5, 10.25, 3.5], "texture": "#golem"},
        "east": {"uv": [9.25, 2.5, 9.75, 3.5], "texture": "#golem"},
        "south": {"uv": [10.75, 2.5, 11.25, 3.5], "texture": "#golem"},
        "west": {"uv": [10.25, 2.5, 10.75, 3.5], "texture": "#golem"},
        "up": {"uv": [9.75, 2, 10.25, 2.5], "texture": "#golem"},
        "down": {"uv": [10.25, 2, 10.75, 2.5], "texture": "#golem"}
      }
    },
    {
      "from": [6, 20, 6],
      "to": [10, 24, 10],
      "rotation": {"angle": 0, "axis": "y", "origin": [8, 20, 8]},
      "faces": {
        "north": {"uv": [10.25, 1, 11.25, 2], "texture": "#golem"},
        "east": {"uv": [9.25, 1, 10.25, 2], "texture": "#golem"},
        "south": {"uv": [12.25, 1, 13.25, 2], "texture": "#golem"},
        "west": {"uv": [11.25, 1, 12.25, 2], "texture": "#golem"},
        "up": {"uv": [10.25, 0, 11.25, 1], "texture": "#golem"},
        "down": {"uv": [11.25, 0, 12.25, 1], "texture": "#golem"}
      }
    }
  ]
}