{
	"type": "minecraft:entity",
	"pools": [
		{
			"rolls": 1,
			"entries": [
				{
					"type": "item",
					"name": "minecraft:player_head",
					"weight": 1,
					"functions": [
						{
							"function": "set_components",
							"components": {
								"minecraft:note_block_sound": "minecraft:entity.nautilus.ambient",
								"minecraft:profile": {
									"properties": [
										{
											"name": "textures",
											"value": "eyJ0ZXh0dXJlcyI6eyJTS0lOIjp7InVybCI6Imh0dHA6Ly90ZXh0dXJlcy5taW5lY3JhZnQubmV0L3RleHR1cmUvMjcwOGNmOTkwMDM5OTA2MGM5MjgwYzZiM2I4OGNiZTUzNmU3MjJjMGVlYmM5MzJhOWM1ZmEwMTQwZDAzNjJmYyJ9fX0="
										}
									]
								},
								"minecraft:item_name": "Nautilus Shell"
							}
						}
					]
				}
			],
			"conditions": [
				{
					"condition": "killed_by_player"
				},
                {
                    "condition": "random_chance_with_enchanted_bonus",
                    "enchantment": "minecraft:looting",
                    "unenchanted_chance": 0.1,
                    "enchanted_chance": {
                        "type": "minecraft:linear",
                        "base": 0.11,
                        "per_level_above_first": 0.01
                    }
                }
			]
		}
	]
}