{
	"type": "minecraft:entity",
	"pools": [
		{
			"rolls": 1,
			"entries": [
				{
					"type": "item",
					"name": "minecraft:player_head",
					"weight": 1,
					"functions": [
						{
							"function": "set_components",
							"components": {
								"minecraft:note_block_sound": "minecraft:entity.zombie_nautilus.ambient",
								"minecraft:profile": {
									"properties": [
										{
											"name": "textures",
											"value": "eyJ0ZXh0dXJlcyI6eyJTS0lOIjp7InVybCI6Imh0dHA6Ly90ZXh0dXJlcy5taW5lY3JhZnQubmV0L3RleHR1cmUvZWI2ZDE2YmNiYzg1ODMyMGU0ZWVjYjgxOGFiZjI5YWY4MjViY2Y5MWZhYzc5ODlhYmE1NTM2YWI4YmE0MGMwZiJ9fX0="
										}
									]
								},
								"minecraft:item_name": "Temperate Zombie Nautilus shell"
							},
							"conditions": [
								{
									"condition": "minecraft:entity_properties",
									"entity": "this",
									"predicate": {
										"components": {
											"minecraft:zombie_nautilus/variant": "minecraft:temperate"
										}
									}
								}
							]
						},
						{
							"function": "set_components",
							"components": {
								"minecraft:note_block_sound": "minecraft:entity.zombie_nautilus.ambient",
								"minecraft:profile": {
									"properties": [
										{
											"name": "textures",
											"value": "eyJ0ZXh0dXJlcyI6eyJTS0lOIjp7InVybCI6Imh0dHA6Ly90ZXh0dXJlcy5taW5lY3JhZnQubmV0L3RleHR1cmUvNTUyYWMyYWNjNWU5Y2EyMzcyN2Y0NDg3OTI0MmIxMDRmZGQ2ZTA0NGY3ZmIyZDI5ZmVmY2E0YmMyZjRkNGMzIn19fQ=="
										}
									]
								},
								"minecraft:item_name": "Coral Zombie Nautilus Shell"
							},
							"conditions": [
								{
									"condition": "minecraft:entity_properties",
									"entity": "this",
									"predicate": {
										"components": {
											"minecraft:zombie_nautilus/variant": "minecraft:warm"
										}
									}
								}
							]
						}
					]
				}
			],
			"conditions": [
				{
					"condition": "killed_by_player"
				},
                {
                    "condition": "random_chance_with_enchanted_bonus",
                    "enchantment": "minecraft:looting",
                    "unenchanted_chance": 0.1,
                    "enchanted_chance": {
                        "type": "minecraft:linear",
                        "base": 0.11,
                        "per_level_above_first": 0.01
                    }
                }
			]
		}
	]
}