{
  "type": "minecraft:crafting_shaped",
  "category": "misc",
  "pattern": [
    " # ",
    "#R#",
    "#T#"
  ],
  "key": {
    "#": [
      "minecraft:white_concrete"
    ],
    "R": [
      "minecraft:red_concrete"
    ],
    "T": [
      "minecraft:tnt"
    ]
  },
  "result": {
    "id": "minecraft:carved_pumpkin",
    "components": {
      "minecraft:custom_model_data": {
        "floats": [],
        "strings": ["cairn"],
        "colors": []
      },
      "minecraft:custom_name": "Cairn",
      "minecraft:lore": [
        "Put me on an armour stand!"
      ],
      "minecraft:rarity": "rare"
    },
    "count": 1
  },
  "show_notification": true
}