{
    "attributes": {
        "minecraft:visual/fog_color": 4152436,
        "minecraft:visual/fog_start_distance": 32,
        "minecraft:visual/fog_end_distance": 96,
        "minecraft:visual/water_fog_color": 329011,
        "minecraft:visual/sky_color": 7907327,
        "minecraft:visual/ambient_particles": [
            {
                "particle": {
                    "type": "minecraft:dust_color_transition",
                    "from_color": [
                        0.5,
                        1,
                        1
                    ],
                    "scale": 1,
                    "to_color": [
                        0,
                        0,
                        1
                    ]
                },
                "probability": 0.001
            }
        ],
        "minecraft:audio/ambient_sounds": {
            "mood": {
                "block_search_extent": 8,
                "offset": 2,
                "sound": "minecraft:ambient.cave",
                "tick_delay": 6000
            }
        }
    },
    "carvers": [
        "minecraft:cave",
        "minecraft:cave_extra_underground",
        "minecraft:canyon"
    ],
    "downfall": 0.4,
    "effects": {
        "water_color": 1787600
    },
    "features": [
        [],
        [
            "terralith:cave/frostfire/columns",
            "terralith:cave/frostfire/sculk_patch",
            "terralith:cave/frostfire/frostfire_patch",
            "terralith:cave/frostfire/frostfire_ceiling",
            "minecraft:lake_lava_underground",
            "minecraft:lake_lava_surface"
        ],
        [
            "minecraft:amethyst_geode",
            "minecraft:large_dripstone"
        ],
        [
            "minecraft:monster_room",
            "minecraft:monster_room_deep"
        ],
        [],
        [],
        [
            "minecraft:ore_dirt",
            "minecraft:ore_granite_upper",
            "minecraft:ore_granite_lower",
            "minecraft:ore_diorite_upper",
            "minecraft:ore_diorite_lower",
            "minecraft:ore_andesite_upper",
            "minecraft:ore_andesite_lower",
            "minecraft:ore_tuff",
            "minecraft:ore_coal_upper",
            "minecraft:ore_coal_lower",
            "minecraft:ore_iron_upper",
            "minecraft:ore_iron_middle",
            "minecraft:ore_iron_small",
            "minecraft:ore_gold",
            "minecraft:ore_redstone",
            "minecraft:ore_redstone_lower",
            "minecraft:ore_diamond",
            "minecraft:ore_diamond_medium",
            "minecraft:ore_diamond_large",
            "minecraft:ore_lapis",
            "minecraft:ore_lapis_buried",
            "minecraft:ore_copper",
            "minecraft:underwater_magma",
            "minecraft:disk_sand",
            "minecraft:disk_clay",
            "minecraft:disk_gravel"
        ],
        [],
        [],
        [
            "terralith:cave/frostfire/lava_remover",
            "terralith:cave/frostfire/replacer",
            "minecraft:glow_lichen",
            "minecraft:patch_tall_grass_2",
            "minecraft:trees_plains",
            "minecraft:flower_plains",
            "minecraft:patch_grass_plain",
            "minecraft:brown_mushroom_normal",
            "minecraft:red_mushroom_normal",
            "minecraft:patch_pumpkin",
            "minecraft:patch_sugar_cane",
            "minecraft:patch_firefly_bush_near_water"
        ],
        [
            "minecraft:freeze_top_layer"
        ]
    ],
    "has_precipitation": true,
    "spawn_costs": {},
    "spawners": {
        "ambient": [],
        "axolotls": [],
        "creature": [],
        "misc": [],
        "monster": [
            {
                "type": "minecraft:skeleton",
                "maxCount": 4,
                "minCount": 4,
                "weight": 100
            },
            {
                "type": "minecraft:stray",
                "maxCount": 4,
                "minCount": 4,
                "weight": 50
            }
        ],
        "underground_water_creature": [
            {
                "type": "minecraft:glow_squid",
                "maxCount": 6,
                "minCount": 4,
                "weight": 10
            }
        ],
        "water_ambient": [],
        "water_creature": []
    },
    "temperature": 0.8
}