{"type":"minecraft:fossil","config":{"max_empty_corners_allowed":4,"fossil_processors":[{"processor_type":"minecraft:block_ignore","blocks":[{"Name":"minecraft:air"}]}],"overlay_processors":[],"fossil_structures":["minecraft:nether_fossils/fossil_1","minecraft:nether_fossils/fossil_2","minecraft:nether_fossils/fossil_3","minecraft:nether_fossils/fossil_4","minecraft:nether_fossils/fossil_5","minecraft:nether_fossils/fossil_6","minecraft:nether_fossils/fossil_7","minecraft:nether_fossils/fossil_8","minecraft:nether_fossils/fossil_9","minecraft:nether_fossils/fossil_10","minecraft:nether_fossils/fossil_11","minecraft:nether_fossils/fossil_12","minecraft:nether_fossils/fossil_13","minecraft:nether_fossils/fossil_14"],"overlay_structures":["minecraft:empty","minecraft:empty","minecraft:empty","minecraft:empty","minecraft:empty","minecraft:empty","minecraft:empty","minecraft:empty","minecraft:empty","minecraft:empty","minecraft:empty","minecraft:empty","minecraft:empty","minecraft:empty"]}}