{"type":"minecraft:tree","config":{"dirt_provider":{"type":"minecraft:simple_state_provider","state":{"Name":"minecraft:soul_soil"}},"trunk_provider":{"type":"minecraft:simple_state_provider","state":{"Name":"minecraft:bone_block","Properties":{"axis":"y"}}},"trunk_placer":{"type":"minecraft:forking_trunk_placer","base_height":9,"height_rand_a":4,"height_rand_b":0},"foliage_provider":{"type":"minecraft:weighted_state_provider","entries":[{"data":{"Name":"minecraft:pale_oak_leaves","Properties":{"persistent":"true"}},"weight":16},{"data":{"Name":"minecraft:cobweb"},"weight":4},{"data":{"Name":"minecraft:glowstone"},"weight":1}]},"foliage_placer":{"type":"minecraft:fancy_foliage_placer","radius":3,"offset":1,"height":4},"decorators":[{"type":"minecraft:attached_to_logs","block_provider":{"type":"minecraft:simple_state_provider","state":{"Name":"minecraft:soul_lantern","Properties":{"hanging":"true"}}},"directions":["down"],"probability":0.1}],"minimum_size":{"type":"minecraft:two_layers_feature_size"}}}