{"type":"minecraft:geode","config":{"blocks":{"filling_provider":{"type":"minecraft:simple_state_provider","state":{"Name":"minecraft:lava"}},"inner_layer_provider":{"type":"minecraft:simple_state_provider","state":{"Name":"minecraft:magma_block"}},"alternate_inner_layer_provider":{"type":"minecraft:simple_state_provider","state":{"Name":"minecraft:magma_block"}},"inner_placements":[{"Name":"minecraft:lava"}],"middle_layer_provider":{"type":"minecraft:simple_state_provider","state":{"Name":"minecraft:blackstone"}},"outer_layer_provider":{"type":"minecraft:simple_state_provider","state":{"Name":"minecraft:blackstone"}},"cannot_replace":"#lavaflow:lava_pocket_cannot_replace","invalid_blocks":"#lavaflow:lava_pocket_invalid_blocks"},"layers":{"filling":1.5,"inner_layer":2,"middle_layer":3,"outer_layer":4},"outer_wall_distance":{"type":"minecraft:uniform","max_inclusive":8,"min_inclusive":6},"crack":{"generate_crack_chance":0,"base_crack_size":1,"crack_point_offset":1},"point_offset":5,"invalid_blocks_threshold":0,"distribution_points":5}}