{"parent":"minecraft:nether/ride_strider","criteria":{"minecraft:basalt_deltas":{"conditions":{"player":[{"condition":"minecraft:entity_properties","entity":"this","predicate":{"location":{"biomes":"minecraft:basalt_deltas"}}}]},"trigger":"minecraft:location"},"minecraft:crimson_forest":{"conditions":{"player":[{"condition":"minecraft:entity_properties","entity":"this","predicate":{"location":{"biomes":"minecraft:crimson_forest"}}}]},"trigger":"minecraft:location"},"minecraft:nether_wastes":{"conditions":{"player":[{"condition":"minecraft:entity_properties","entity":"this","predicate":{"location":{"biomes":"minecraft:nether_wastes"}}}]},"trigger":"minecraft:location"},"minecraft:soul_sand_valley":{"conditions":{"player":[{"condition":"minecraft:entity_properties","entity":"this","predicate":{"location":{"biomes":"minecraft:soul_sand_valley"}}}]},"trigger":"minecraft:location"},"minecraft:warped_forest":{"conditions":{"player":[{"condition":"minecraft:entity_properties","entity":"this","predicate":{"location":{"biomes":"minecraft:warped_forest"}}}]},"trigger":"minecraft:location"},"lavaflow:caves":{"conditions":{"player":[{"condition":"minecraft:entity_properties","entity":"this","predicate":{"location":{"biomes":"lavaflow:caves"}}}]},"trigger":"minecraft:location"},"lavaflow:crimson_forest_layer":{"conditions":{"player":[{"condition":"minecraft:entity_properties","entity":"this","predicate":{"location":{"biomes":"lavaflow:crimson_forest_layer"}}}]},"trigger":"minecraft:location"},"lavaflow:ghost_forest":{"conditions":{"player":[{"condition":"minecraft:entity_properties","entity":"this","predicate":{"location":{"biomes":"lavaflow:ghost_forest"}}}]},"trigger":"minecraft:location"},"lavaflow:gravel_beach":{"conditions":{"player":[{"condition":"minecraft:entity_properties","entity":"this","predicate":{"location":{"biomes":"lavaflow:gravel_beach"}}}]},"trigger":"minecraft:location"},"lavaflow:nether_wastes_layer":{"conditions":{"player":[{"condition":"minecraft:entity_properties","entity":"this","predicate":{"location":{"biomes":"lavaflow:nether_wastes_layer"}}}]},"trigger":"minecraft:location"},"lavaflow:ocean":{"conditions":{"player":[{"condition":"minecraft:entity_properties","entity":"this","predicate":{"location":{"biomes":"lavaflow:ocean"}}}]},"trigger":"minecraft:location"},"lavaflow:old_growth_crimson_forest":{"conditions":{"player":[{"condition":"minecraft:entity_properties","entity":"this","predicate":{"location":{"biomes":"lavaflow:old_growth_crimson_forest"}}}]},"trigger":"minecraft:location"},"lavaflow:old_growth_warped_forest":{"conditions":{"player":[{"condition":"minecraft:entity_properties","entity":"this","predicate":{"location":{"biomes":"lavaflow:old_growth_warped_forest"}}}]},"trigger":"minecraft:location"},"lavaflow:river":{"conditions":{"player":[{"condition":"minecraft:entity_properties","entity":"this","predicate":{"location":{"biomes":"lavaflow:river"}}}]},"trigger":"minecraft:location"},"lavaflow:soul_sand_valley_river":{"conditions":{"player":[{"condition":"minecraft:entity_properties","entity":"this","predicate":{"location":{"biomes":"lavaflow:soul_sand_valley_river"}}}]},"trigger":"minecraft:location"},"lavaflow:warped_forest_layer":{"conditions":{"player":[{"condition":"minecraft:entity_properties","entity":"this","predicate":{"location":{"biomes":"lavaflow:warped_forest_layer"}}}]},"trigger":"minecraft:location"}},"display":{"description":{"translate":"advancements.nether.explore_nether.description"},"frame":"challenge","icon":{"count":1,"id":"minecraft:netherite_boots"},"title":{"translate":"advancements.nether.explore_nether.title"}},"requirements":[["minecraft:nether_wastes"],["minecraft:soul_sand_valley"],["minecraft:crimson_forest"],["minecraft:warped_forest"],["minecraft:basalt_deltas"],["lavaflow:caves"],["lavaflow:crimson_forest_layer"],["lavaflow:ghost_forest"],["lavaflow:gravel_beach"],["lavaflow:nether_wastes_layer"],["lavaflow:ocean"],["lavaflow:old_growth_crimson_forest"],["lavaflow:old_growth_warped_forest"],["lavaflow:river"],["lavaflow:soul_sand_valley_river"],["lavaflow:warped_forest_layer"]],"rewards":{"experience":500},"sends_telemetry_event":true}