{
    "attributes": {
        "minecraft:visual/fog_color": 12047615,
        "minecraft:visual/fog_start_distance": 16,
        "minecraft:visual/fog_end_distance": 48,
        "minecraft:visual/water_fog_color": 329011,
        "minecraft:visual/sky_color": 12047615,
        "minecraft:visual/cloud_color": "#00000000",
        "minecraft:audio/background_music": {
            "default": {
                "max_delay": 24000,
                "min_delay": 12000,
                "replace_current_music": false,
                "sound": "minecraft:music.overworld.forest"
            }
        },
        "minecraft:audio/ambient_sounds": {
            "mood": {
                "block_search_extent": 8,
                "offset": 2,
                "sound": "minecraft:ambient.cave",
                "tick_delay": 6000
            }
        },
        "minecraft:gameplay/can_start_raid": false,
        "minecraft:gameplay/nether_portal_spawns_piglin": false,
        "minecraft:gameplay/can_pillager_patrol_spawn": false
    },
    "carvers": [
        "minecraft:cave",
        "minecraft:cave_extra_underground"
    ],
    "downfall": 0.75,
    "effects": {
        "foliage_color": 7929657,
        "grass_color": 11599739,
        "water_color": 2576383
    },
    "features": [
        [],
        [],
        [],
        [
            "minecraft:monster_room"
        ],
        [],
        [
            "terralith:alpha/clay_patch"
        ],
        [
            "minecraft:ore_dirt",
            "minecraft:ore_gravel",
            "minecraft:ore_coal_upper",
            "minecraft:ore_coal_lower",
            "minecraft:ore_iron_upper",
            "minecraft:ore_iron_middle",
            "minecraft:ore_iron_small",
            "minecraft:ore_gold",
            "minecraft:ore_redstone",
            "minecraft:ore_redstone_lower",
            "minecraft:ore_diamond",
            "minecraft:ore_diamond_medium",
            "minecraft:ore_diamond_large"
        ],
        [
            "terralith:alpha/sand_beaches"
        ],
        [
            "minecraft:spring_water",
            "minecraft:spring_lava"
        ],
        [
            "terralith:alpha/trees",
            "terralith:alpha/flowers_2",
            "terralith:alpha/flowers",
            "minecraft:brown_mushroom_normal",
            "minecraft:red_mushroom_normal",
            "minecraft:patch_sugar_cane"
        ],
        [
            "minecraft:freeze_top_layer"
        ]
    ],
    "has_precipitation": true,
    "spawn_costs": {},
    "spawners": {
        "ambient": [],
        "creature": [
            {
                "type": "minecraft:sheep",
                "maxCount": 2,
                "minCount": 2,
                "weight": 12
            },
            {
                "type": "minecraft:pig",
                "maxCount": 2,
                "minCount": 2,
                "weight": 10
            },
            {
                "type": "minecraft:chicken",
                "maxCount": 2,
                "minCount": 2,
                "weight": 10
            },
            {
                "type": "minecraft:cow",
                "maxCount": 2,
                "minCount": 2,
                "weight": 8
            }
        ],
        "misc": [],
        "monster": [
            {
                "type": "minecraft:spider",
                "maxCount": 4,
                "minCount": 4,
                "weight": 100
            },
            {
                "type": "minecraft:zombie",
                "maxCount": 4,
                "minCount": 4,
                "weight": 95
            },
            {
                "type": "minecraft:skeleton",
                "maxCount": 4,
                "minCount": 4,
                "weight": 100
            },
            {
                "type": "minecraft:creeper",
                "maxCount": 4,
                "minCount": 4,
                "weight": 100
            },
            {
                "type": "minecraft:slime",
                "maxCount": 4,
                "minCount": 4,
                "weight": 100
            }
        ],
        "underground_water_creature": [],
        "water_ambient": [],
        "water_creature": []
    },
    "temperature": 0.0
}