{
  "type": "minecraft:spline",
  "spline": {
    "coordinate": "overworld/temperature",
    "points": [
      {
        "derivative": 0,
        "location": -0.5,
        "value": {
          "coordinate": "overworld/erosion",
          "points": [
            {
              "derivative": 0,
              "location": 0.375,
              "value": -3.75
            },
            {
              "derivative": 0,
              "location": 0.385,
              "value": -0.75
            },
            {
              "derivative": 0,
              "location": 0.4,
              "value": {
                "coordinate": "overworld/continents",
                "points": [
                  {
                    "derivative": 0,
                    "location": -0.04,
                    "value": -3.75
                  },
                  {
                    "derivative": 0,
                    "location": 0.02,
                    "value": -0.75
                  },
                  {
                    "derivative": 0,
                    "location": 0.05,
                    "value": 0.0
                  },
                  {
                    "derivative": 0,
                    "location": 0.15,
                    "value": 0
                  }
                ]
              }
            }
          ]
        }
      },
      {
        "derivative": 0,
        "location": -0.465,
        "value": -0.75
      },
      {
        "derivative": 0,
        "location": -0.435,
        "value": -3.75
      }
    ]
  }
}