{
  "variants": {
    "attached=false,rotation=0": { "model": "minecraft:entity/signs/crimson_hanging_sign", "y": 180 },
    "attached=false,rotation=1": { "model": "minecraft:entity/signs/crimson_hanging_sign", "y": 202 },
    "attached=false,rotation=2": { "model": "minecraft:entity/signs/crimson_hanging_sign", "y": 225 },
    "attached=false,rotation=3": { "model": "minecraft:entity/signs/crimson_hanging_sign", "y": 247 },
    "attached=false,rotation=4": { "model": "minecraft:entity/signs/crimson_hanging_sign", "y": 270 },
    "attached=false,rotation=5": { "model": "minecraft:entity/signs/crimson_hanging_sign", "y": 292 },
    "attached=false,rotation=6": { "model": "minecraft:entity/signs/crimson_hanging_sign", "y": 315 },
    "attached=false,rotation=7": { "model": "minecraft:entity/signs/crimson_hanging_sign", "y": 337 },
    "attached=false,rotation=8": { "model": "minecraft:entity/signs/crimson_hanging_sign" },
    "attached=false,rotation=9": { "model": "minecraft:entity/signs/crimson_hanging_sign", "y": 22 },
    "attached=false,rotation=10": { "model": "minecraft:entity/signs/crimson_hanging_sign", "y": 45 },
    "attached=false,rotation=11": { "model": "minecraft:entity/signs/crimson_hanging_sign", "y": 67 },
    "attached=false,rotation=12": { "model": "minecraft:entity/signs/crimson_hanging_sign", "y": 90 },
    "attached=false,rotation=13": { "model": "minecraft:entity/signs/crimson_hanging_sign", "y": 112 },
    "attached=false,rotation=14": { "model": "minecraft:entity/signs/crimson_hanging_sign", "y": 135 },
    "attached=false,rotation=15": { "model": "minecraft:entity/signs/crimson_hanging_sign", "y": 157 },
    "attached=true,rotation=0": { "model": "minecraft:entity/signs/crimson_hanging_sign_attached", "y": 180 },
    "attached=true,rotation=1": { "model": "minecraft:entity/signs/crimson_hanging_sign_attached", "y": 202 },
    "attached=true,rotation=2": { "model": "minecraft:entity/signs/crimson_hanging_sign_attached", "y": 225 },
    "attached=true,rotation=3": { "model": "minecraft:entity/signs/crimson_hanging_sign_attached", "y": 247 },
    "attached=true,rotation=4": { "model": "minecraft:entity/signs/crimson_hanging_sign_attached", "y": 270 },
    "attached=true,rotation=5": { "model": "minecraft:entity/signs/crimson_hanging_sign_attached", "y": 292 },
    "attached=true,rotation=6": { "model": "minecraft:entity/signs/crimson_hanging_sign_attached", "y": 315 },
    "attached=true,rotation=7": { "model": "minecraft:entity/signs/crimson_hanging_sign_attached", "y": 337 },
    "attached=true,rotation=8": { "model": "minecraft:entity/signs/crimson_hanging_sign_attached" },
    "attached=true,rotation=9": { "model": "minecraft:entity/signs/crimson_hanging_sign_attached", "y": 22 },
    "attached=true,rotation=10": { "model": "minecraft:entity/signs/crimson_hanging_sign_attached", "y": 45 },
    "attached=true,rotation=11": { "model": "minecraft:entity/signs/crimson_hanging_sign_attached", "y": 67 },
    "attached=true,rotation=12": { "model": "minecraft:entity/signs/crimson_hanging_sign_attached", "y": 90 },
    "attached=true,rotation=13": { "model": "minecraft:entity/signs/crimson_hanging_sign_attached", "y": 112 },
    "attached=true,rotation=14": { "model": "minecraft:entity/signs/crimson_hanging_sign_attached", "y": 135 },
    "attached=true,rotation=15": { "model": "minecraft:entity/signs/crimson_hanging_sign_attached", "y": 157 }
  }
}